nome;id;base;Calorias;Proteína;Carboidrato;Energia;Colesterol;Lipídeos;Fibra Alimentar;Vitamina C;Ferro;Cálcio;Sódio;Magnésio;Potássio;Manganês;Fósforo;Cobre;Zinco;Retinol;Tiamina;Riboflavina;Piridoxina;Niacina;RE;RAE;Umidade
Abacate, cru;536;100;96;1,2;6;402.00;0;8,4;6,3;0;0;8;0;15;0;0;0;0;0;0;0;0;0;0;0;0;83,8
Abacaxi, polpa, congelada;457;100;31;0,5;7,8;128.0;0;0,1;0,3;1,2;0,4;14;1;10;107;1,02;8;0,04;0,1;0;0,05;0;0;0;2;2;91,3
Abadejo, filé, congelado, assado;382;100;112;23,5;0;467.0;103;1,2;0;0;0,5;23;334;20;156;0;338;0,03;0,5;0;0;0;0;0,44;0;0;74,3
Abadejo, filé, congelado, cru;437;100;59;13,1;0;247.0;31;0,4;0;0;0,1;10;79;14;148;0,01;91;0,14;0,4;0;0,04;0;0;4,6;0;0;86,4
Abadejo, filé, congelado, grelhado;337;100;130;27,6;0;542.0;136;1,3;0;0;0,3;20;305;22;279;0;581;0;0,4;6;0,03;0;0;0,44;6;6;71
Abadejo, filé, congelado,cozido;82;100;91;19,3;0;381.0;87;0,9;0;0;0,3;17;189;16;146;0;351;0,03;0,4;0;0;0;0;0;0;0;79,7
Abiu, cru;488;100;62;0,8;14,9;261.0;0;0,7;1,7;10,3;0,2;6;0;9;128;0,08;20;0,09;0,1;0;0;0,04;0,05;0;0;0;83,1
Abobora, pescoço, crua;563;100;24;0,7;6,1;102.0;0;0,1;2,3;2,1;0,3;9;1;7;264;0,07;32;0,09;0,2;0;0;0;0,06;0;0;0;92,5
Abobrinha, italiana, cozida;48;100;15;1,1;3;63.0;0;0,2;1,6;2,1;0,2;17;1;17;126;0,11;22;0,01;0,3;0;0,05;0;0,06;0;0;0;95,3
Abobrinha, italiana, crua;24;100;19;1,1;4,3;81.0;0;0,1;1,4;6,9;0,2;15;0;20;253;0,09;32;0,05;0,2;0;0;0,06;0,03;0;41;41;93,9
Abobrinha, italiana, refogada;386;100;24;1,1;4,2;102.0;0;0,8;1,4;7,5;0,4;21;2;13;194;0,14;32;0,02;0,3;0;0,04;0;0;0;42;42;93,5
Abobrinha, paulista, crua;150;100;31;0,6;7,9;129.0;0;0,1;2,6;17,5;0,2;19;1;9;213;0,11;33;0,1;0,2;0;0;0;0,03;0;0;0;90,9
Abóbora, cabotian, cozida;202;100;48;1,4;10,8;201.0;0;0,7;2,5;7,5;0,3;8;1;9;199;0,26;33;0,06;0,3;0;0,08;0;0,07;0;0;0;86,4
Abóbora, cabotian, crua;483;100;39;1,7;8,4;161.0;0;0,5;2,2;5,1;0,4;18;0;9;351;0,11;26;0,06;0,3;0;0;0;0,1;0;446;446;88,5
Abóbora, menina brasileira, crua;266;100;14;0,6;3,3;57.0;0;0;1,2;1,5;0,2;9;0;4;165;0,01;12;0,02;0;0;0,07;0;0,04;0;1108;1108;95,7
Abóbora, moranga, crua;363;100;12;1;2,7;52.0;0;0,1;1,7;9,6;0;3;0;2;125;0,01;8;0,05;0,1;0;0;0;0,06;0;278;278;95,9
Abóbora, moranga, refogada;145;100;29;0,4;6;121.0;0;0,8;1,5;6,7;0,1;19;3;7;183;0,02;12;0,04;0,1;0;0,05;0;0,05;0;95;95;92,5
Acarajé;206;100;289;8,3;19,1;1210.0;25;19,9;9,4;0;1,9;124;305;51;354;0,59;142;0,23;1,2;0;0,06;0;0;0;0;0;50,5
Acelga, crua;77;100;21;1,4;4,6;88.0;0;0,1;1,1;22,6;0,3;43;1;10;240;0,11;40;0,1;0,3;0;0,04;0;0,16;0;0;0;93,2
Acerola, crua;344;100;33;0,9;8;140.0;0;0,2;1,5;941,4;0,2;13;0;13;165;0,07;9;0,07;0,1;0;0;0,04;0;1,38;247;247;90,5
Acerola, polpa, congelada;262;100;22;0,6;5,5;92.0;0;0;0,7;623,2;0,2;8;1;9;112;0,03;13;0,04;0,1;0;0;0,1;0;0;192;192;93,6
Achocolatado, pó;161;100;401;4,2;91,2;1678.0;0;2,2;3,9;0;5,4;44;65;77;496;0,55;200;0,56;1;796;1,38;1,02;1,52;4,99;0;0;1,1
Agrião, cru;426;100;17;2,7;2,3;69.0;0;0,2;2,1;60,1;3,1;133;7;18;218;0,28;51;0,1;0,7;0;0,11;0,23;0,09;1,19;458;458;93,9
Aipo, cru;489;100;19;0,8;4,3;80.0;0;0,1;1;5,9;0,7;65;10;9;274;0,18;28;0,31;0,1;0;0;0;0,18;0;916;916;93,8
Alface, americana, crua;269;100;9;0,6;1,7;37.0;0;0,1;1;11;0,3;14;7;6;136;0,12;19;0,02;0,2;0;0,03;0;0,04;0;0;0;97,2
Alface, crespa, crua;41;100;11;1,3;1,7;45.0;0;0,2;1,8;15,6;0,4;38;3;11;267;0,2;26;0,03;0,3;0;0,11;0,12;0;1,09;234;234;96,1
Alface, lisa, crua;203;100;14;1,7;2,4;58.0;0;0,1;2,3;21,4;0,6;28;4;9;349;0,33;26;0,03;0,3;0;0,09;0,08;0,07;0,75;368;368;95
Alface, roxa, crua;140;100;13;0,9;2,5;53.0;0;0,2;2;13,5;2,5;34;7;9;308;0,12;51;0,04;0,2;0;0;0;0;0;312;312;95,7
Alfavaca, crua;64;100;29;2,7;5,2;122.0;0;0,5;4,1;0;1,3;258;5;84;261;0,15;50;0,15;0,7;0;0;0,12;0,56;0;0;0;90,2
Alho, cru;550;100;113;7;23,9;473.0;0;0,2;4,3;0;0,8;14;5;21;535;0,24;149;0,15;0,8;0;0,18;0;0,44;0;0;0;67,5
Alho-poró, cru;272;100;32;1,4;6,9;132.0;0;0,1;2,5;14,1;0,6;34;2;11;224;0,1;36;0,29;0,2;0;0,06;0;0,08;0,34;16;16;91
Almeirão, cru;213;100;18;1,8;3,3;75.0;0;0,2;2,6;1,7;0,7;19;2;21;369;0,17;40;0,1;0,3;0;0,1;0,18;0;0,63;566;566;93,7
Almeirão, refogado;129;100;65;1,7;5,7;272.0;0;4,8;3,4;1,5;1,6;63;15;17;315;0,28;31;0,06;0,2;0;0,03;0,06;0,05;4,03;0;0;86,5
Ameixa, calda, enlatada;20;100;183;0,4;46,9;765.0;0;0;0,5;4,3;2,2;13;3;10;221;0,1;21;0,03;0,1;0;0;0,23;0,37;0;0;0;52,2
Ameixa, crua;368;100;53;0,8;13,9;220.0;0;0;2,4;7,6;0,1;6;0;5;134;0,03;14;0,06;0,1;0;0,07;0;0,03;0;27;27;84,8
Ameixa, em calda, enlatada, drenada;570;100;177;1;47,7;742.0;0;0,3;4,5;5,2;2,7;39;3;14;263;0,2;26;0,16;0,2;0;0;0,22;0,08;0;0;0;50,3
Amendoim, torrado, salgado;242;100;606;22,5;18,7;2535.0;0;54;7,8;0;1,3;39;376;159;496;1,7;261;0,68;2,1;0;0,08;0;0,21;7,47;0;0;1,7
Amêndoa, torrada, salgada;445;100;581;18,6;29,5;2430.0;0;47,3;11,6;0;3,1;237;279;222;640;1,95;493;0,93;2,6;0;0,29;0,16;0;0;0;0;3,1
Apresuntado;356;100;129;13,5;2,9;539.0;38;6,7;0;0;0,9;23;943;15;270;0,04;225;0,03;1,6;0;0,62;0,04;0;0,7;0;0;73,7
Arroz carreteiro;128;100;154;10,8;11,6;643.0;36;7,1;1,5;0;1;13;1622;9;87;0,18;48;0,08;2,7;0;0,03;0;0,07;1,6;0;0;68
Arroz, integral, cozido;191;100;124;2,6;25,8;517.0;0;1;2,7;0;0,3;5;1;59;75;0,63;106;0,02;0,7;0;0,08;0;0,08;0;0;0;70,1
Arroz, integral, cru;87;100;360;7,3;77,5;1505.0;0;1,9;4,8;0;0,9;8;2;110;173;2,99;251;0,07;1,4;0;0,26;0;0,18;4,18;0;0;12,2
Arroz, tipo 1, cozido;13;100;128;2,5;28,1;537.0;0;0,2;1,6;0;0,1;4;1;2;15;0,3;18;0,02;0,5;0;0;0;0;0;0;0;69,1
Arroz, tipo 1, cru;248;100;358;7,2;78,8;1497.0;0;0,3;1,6;0;0,7;4;1;30;62;1,03;104;0,11;1,2;0;0,16;0;0,07;1,12;0;0;13,2
Arroz, tipo 2, cozido;207;100;130;2,6;28,2;544.0;0;0,4;1,1;0;0,1;3;2;6;20;0,37;22;0,04;0,5;0;0;0;0;0;0;0;68,7
Arroz, tipo 2, cru;459;100;358;7,2;78,9;1498.0;0;0,3;1,7;0;0,6;5;1;29;57;0,83;82;0,05;1,3;0;0,16;0;0,05;0,92;0;0;13,2
Atemóia, crua;162;100;97;1;25,3;406.0;0;0,3;2,1;10,1;0,2;23;1;25;300;0,16;23;0,17;0,2;0;0,09;0,07;0,07;1,58;0;0;72,7
Atum, conserva em óleo;464;100;166;26,2;0;694.0;53;6;0;0;1,2;7;362;29;280;0;211;0,04;0,6;0;0,15;0,03;0;3,17;0;0;64,5
Atum, fresco, cru;524;100;118;25,7;0;492.0;48;0,9;0;0;1,3;7;30;32;308;0;254;0,09;0,4;20;0;0,04;0;5,94;20;20;73,1
Aveia, flocos, crua;474;100;394;13,9;66,6;1648.0;0;8,5;9,1;1,4;4,4;48;5;119;336;1,89;153;0,44;2,6;0;0,55;0,03;0;4,47;0;0;9,1
Azeite, de dendê;84;100;884;0;0;3699.0;0;100;0;0;0;0;0;0;0;0;0;0;0;0;0;0;0;0;0;0;0
Azeite, de oliva, extra virgem;240;100;884;0;0;3699.0;0;100;0;0;0;0;0;0;0;0;0;0;0;0;0;0;0;0;0;0;0
Azeitona, preta, conserva;249;100;194;1,2;5,5;812.0;0;20,3;4,6;0;5,5;59;1567;5;79;0,06;16;0,25;0,3;0;0;0;0,04;0;0;0;68,5
Azeitona, verde, conserva;259;100;137;0,9;4,1;573.0;0;14,2;3,8;0;0,2;46;1347;4;20;0,03;5;0,14;0,1;0;0;0;0;0;0;0;76,3
Açaí, polpa, com xarope de guaraná e glucose;11;100;110;0,7;21,5;461.0;0;3,7;1,7;10,3;0,3;22;15;13;75;3,29;11;0,14;0,2;0;0;0;0,07;0;0;0;73,9
Açaí, polpa, congelada;173;100;58;0,8;6,2;243.0;0;3,9;2,6;0;0,4;35;5;17;124;6,16;16;0,18;0,3;0;0;0,04;0,07;0;0;0;88,7
Açúcar, mascavo;514;100;369;0,8;94,5;1542.0;0;0,1;0;0;8,3;127;25;80;522;2,03;38;0,17;0,5;0;0;0,03;0;0;0;0;3,3
Bacalhau, salgado, cru;336;100;136;29;0;569.0;139;1,3;0;0;0,9;157;13585;49;434;0,03;186;0,09;0,7;0;0;0,21;0;0;0;0;47,9
Bacalhau, salgado, refogado;394;100;140;24;1,2;584.0;112;3,6;0;0;0,2;59;1256;15;50;0;51;0,04;0,6;0;0,03;0,05;0;5,17;0;0;65,9
Baião de dois, arroz e feijão-de-corda;101;100;136;6,2;20,4;568.0;4;3,2;5,1;0;0,6;33;93;19;157;0,27;72;0,08;0,6;0;0,04;0;0,04;0;0;0;69,1
Banana, da terra, crua;568;100;128;1,4;33,7;536.0;0;0,2;1,5;15,7;0,3;4;0;24;328;0,16;26;0,05;0,2;0;0,03;0,02;0,14;0;239;239;63,9
Banana, doce em barra;111;100;280;2,2;75,7;1172.0;0;0,1;3,8;0;0,6;12;10;49;518;0,84;37;0,16;0,3;0;0,03;0;0,06;1,41;27;27;21,1
Banana, figo, crua;147;100;105;1,1;27,8;440.0;0;0,1;2,8;17,5;0,2;6;0;30;387;0,21;16;0,06;0,1;0;0,09;0;0,03;0;0;0;70,1
Banana, maçã, crua;285;100;87;1,8;22,3;363.0;0;0,1;2,6;10,5;0,2;3;0;24;264;0,6;29;0,11;0,1;0;0;0;0,14;0;6;6;75,2
Banana, nanica, crua;385;100;92;1,4;23,8;383.0;0;0,1;1,9;5,9;0,3;3;0;28;376;0,14;27;0,1;0,2;0;0;0,02;0,14;0;14;14;73,8
Banana, ouro, crua;519;100;112;1,5;29,3;470.0;0;0,2;2;7,6;0,3;3;0;28;355;0,09;22;0,08;0,3;0;0;0;0,14;0;50;50;68,2
Banana, pacova, crua;433;100;78;1,2;20,3;326.0;0;0,1;2;0;0,4;5;1;30;267;0,41;20;0,06;0,1;0;0,05;0,03;0,17;0;0;0;77,7
Banana, prata, crua;180;100;98;1,3;26;411.0;0;0,1;2;21,6;0,4;8;0;26;358;0,42;22;0,05;0,1;0;0;0,02;0,1;0;32;32;71,9
Barreado;345;100;165;18,3;0,2;690.0;60;9,5;0,1;0;2,4;15;48;21;295;0,05;169;0,17;4,8;0;0,03;0,04;0;2,09;0;0;71,2
Batata, baroa, cozida;358;100;80;0,9;18,9;335.0;0;0,2;1,8;17,1;0,4;12;2;8;258;0,22;29;0,15;0,4;0;0,06;0;0;1,98;0;0;79,3
Batata, baroa, crua;89;100;101;1;24;423.0;0;0,2;2,1;7,6;0,3;17;0;12;505;0,07;45;0,05;0,2;0;0,05;0;0,12;0;25;25;73,7
Batata, doce, cozida;4;100;77;0,6;18,4;321.0;0;0,1;2,2;23,8;0,2;17;3;11;148;0,14;15;0,06;0,1;0;0,08;0;0,05;2,57;0;0;80,4
Batata, doce, crua;359;100;118;1,3;28,2;495.0;0;0,1;2,6;16,5;0,4;21;9;17;340;0,18;36;0,11;0,2;0;0,06;0;0,1;0;0;0;69,5
Batata, frita, tipo chips, industrializada;517;100;543;5,6;51,2;2271.0;0;36,6;2,5;0;0,7;12;607;24;1014;0,23;96;0,12;0,6;0;0,2;0;0,13;2,61;0;0;2,7
Batata, inglesa, cozida;361;100;52;1,2;11,9;216.0;0;0;1,3;3,8;0,2;4;2;5;161;0,07;24;0,06;0,2;0;0,05;0;0,08;0;0;0;86,4
Batata, inglesa, crua;244;100;64;1,8;14,7;269.0;0;0;1,2;31,1;0,4;4;0;15;302;0,1;39;0,09;0,2;0;0,1;0;0,15;0;0;0;82,9
Batata, inglesa, frita;440;100;267;5;35,6;1118.0;0;13,1;8,1;16,3;0,4;6;2;14;489;0,15;70;0,1;0,4;0;0,17;0;0,1;2,51;0;0;44,1
Batata, inglesa, sauté;210;100;68;1,3;14,1;284.0;0;0,9;1,4;0;0,3;4;8;6;199;0,08;32;0,05;0,2;0;0,07;0;0,09;1,38;0;0;83,1
Bebida isotônica, sabores variados;498;100;26;0;6,4;107.0;0;0;0;0;0,7;1;44;0;13;0;9;0;0;0;0;0;0;0;0;0;93,5
Bebida láctea, pêssego;565;100;55;2,1;7,6;231.0;5;1,9;0,3;2,1;0;89;46;9;62;0;63;0,02;0,2;0;0,03;0,14;0;0,33;0;0;87,7
Berinjela, cozida;473;100;19;0,7;4,5;79.0;0;0,1;2,5;0;0,2;11;1;9;105;0,11;15;0,04;0,1;0;0,04;0;0;0;0;0;94,4
Berinjela, crua;469;100;20;1,2;4,4;82.0;0;0,1;2,9;3;0,2;9;0;13;205;0,1;20;0,06;0,1;0;0,04;0,05;0;0;24;24;93,8
Beterraba, cozida;353;100;32;1,3;7,2;135.0;0;0,1;1,9;1,2;0,2;15;23;17;245;0,19;30;0,04;0,4;0;0,09;0;0;0;0;0;90,6
Beterraba, crua;238;100;49;1,9;11,1;204.0;0;0,1;3,4;3,1;0,3;18;10;24;375;1,23;19;0,08;0,5;0;0,04;0;0,04;0;0;0;86
Bife à cavalo, com contra filé;192;100;291;23,7;0;1219.0;257;21,1;0;0;2,1;26;83;19;272;0,02;216;0,06;3,2;37;0,05;0,1;0;2,92;0;0;54,2
Biscoito, doce, maisena;38;100;443;8,1;75,2;1853.0;0;12;2,1;6,2;1,8;54;352;37;142;0,78;166;0,17;1;0;1,01;0,42;0,23;3,91;0;0;3,2
Biscoito, doce, recheado com chocolate;116;100;472;6,4;70,5;1974.0;0;19,6;3;3,5;2,3;27;239;48;232;0,59;139;0,27;1;0;0,32;0,39;0,46;2,52;0;0;2,2
Biscoito, doce, recheado com morango;302;100;471;5,7;71;1971.0;0;19,6;1,5;0;1,5;36;230;27;113;0,66;138;0,13;0,7;0;0,9;0,42;0,21;1,5;0;0;2,7
Biscoito, doce, wafer, recheado de chocolate;75;100;502;5,6;67,5;2102.0;0;24,7;1,8;0;2,4;23;137;48;240;0,44;124;0,26;0,9;0;0,37;0,03;0,3;1,12;0;0;1,2
Biscoito, doce, wafer, recheado de morango;304;100;513;4,5;67,4;2148.0;1;26,4;0,8;0;1,1;14;120;19;75;0,28;73;0,08;0,5;0;0,36;0;0,94;0,37;0;0;1,2
Biscoito, polvilho doce;573;100;438;1,3;80,5;1831.0;9;12,2;1,2;0;1,8;30;98;6;54;0,08;23;0,04;0,1;0;0;0,03;0,07;0;0;0;5,4
Biscoito, salgado, cream cracker;402;100;432;10,1;68,7;1806.0;0;14,4;2,5;0;2,2;20;854;40;181;0,69;148;0,18;1,1;0;0,71;0,13;0,17;7,14;0;0;4,1
Bolinho de arroz;378;100;274;8;41,7;1144.0;70;8,3;2,7;0;2,1;24;59;13;96;0,42;87;0,13;0,9;0;0,08;0,05;0;0;0;0;41,5
Bolo, mistura para;442;100;419;6,2;84,7;1752.0;0;6,1;1,7;0;1,2;59;463;28;75;0,46;333;0,15;0,6;0;0,18;0;1,5;1,52;0;0;1
Bolo, pronto, aipim;578;100;324;4,4;47,9;1355.0;73;12,7;0,7;0;0,5;85;111;10;135;0,11;122;0,05;0,4;0;0,13;0,07;0;0;0;0;34,1
Bolo, pronto, chocolate;215;100;410;6,2;54,7;1715.0;77;18,5;1,4;0;2,1;75;283;28;212;0,38;197;0,05;0,7;0;0,13;0,09;0,05;0;0;0;19,3
Bolo, pronto, coco;484;100;333;5,7;52,3;1395.0;63;11,3;1,1;0;0,8;57;190;16;143;0,4;303;0,09;0,7;0;0,15;0,06;0;0;0;0;29,3
Bolo, pronto, milho;425;100;311;4,8;45,1;1303.0;82;12,4;0,7;0;0,7;83;134;10;118;0,11;128;0,04;0,4;57;0,11;0,05;0;0;0;0;36,7
Brócolis, cozido;54;100;25;2,1;4,4;103.0;0;0,5;3,4;42;0,5;51;2;15;119;0,12;33;0,08;0,2;0;0,04;0,03;0;0;0;0;92,6
Brócolis, cru;343;100;25;3,6;4;107.0;0;0,3;2,9;34,3;0,6;86;3;30;322;0,26;78;0,06;0,5;0;0,12;0,18;0,08;1,39;279;279;91,2
Cacau, cru;200;100;74;1;19,4;311.0;0;0,1;2,2;13,6;0,3;12;1;25;72;0,04;9;0,15;0,6;0;0,25;0;0,04;0;0;0;79,2
Café, infusão 10%;384;100;9;0,7;1,5;38.0;0;0,1;0;0;0;3;1;10;156;0,04;9;0,01;0;0;0;0;0;0;0;0;97,4
Café, pó, torrado;338;100;419;14,7;65,8;1752.0;0;11,9;51,2;0;8,1;107;1;165;1609;2,58;169;1,3;0,5;0;0;0;0;11,89;0;0;2,9
Caju, cru;547;100;43;1;10,3;180.0;0;0,3;1,7;219,3;0,2;1;3;10;124;0,12;16;0,07;0,1;0;0;0;0;0;15;15;88,1
Caju, polpa, congelada;458;100;37;0,5;9,4;153.0;0;0,2;0,8;119,7;0,1;1;4;7;88;0,05;10;0,07;0,1;0;0;0,02;0;2,25;22;22;89,8
Caju, suco concentrado, envasado;74;100;45;0,4;10,7;189.0;0;0,2;0,6;138,7;0,1;1;45;8;107;0,06;11;0,04;0,1;0;0;0,03;0;0;10;10;88,4
Cajá, polpa, congelada;8;100;26;0,6;6,4;110.0;0;0,2;1,4;0;0,3;9;7;7;148;0,07;26;0,1;0,1;0;0,04;0;0;0;106;106;92,4
Cajá-Manga, cru;245;100;46;1,3;11,4;191.0;0;0;2,6;26,7;0,2;13;1;11;119;0,05;24;0,02;0,2;0;0,11;0;0,05;0;0;0;86,9
Caldo de carne, tablete;190;100;241;7,8;15,1;1007.0;0;16,6;0,6;0;0;129;22180;22;218;0,02;123;0;0;0;0,7;0,07;0,27;0;0;0;2,9
Caldo de galinha, tablete;278;100;251;6,3;10,6;1052.0;2;20,4;11,8;0;0,7;16;22300;13;68;0,13;48;0;0,3;0;0,05;0,04;0;0;0;0;3,4
Camarão à baiana;339;100;101;7,9;3,2;422.0;117;6;0,4;4,1;1,4;43;85;15;139;0,11;244;0,07;0,5;0;0;0;0;0,31;0;0;82
Camarão, Rio Grande, grande, cozido;531;100;90;19;0;377.0;241;1;0;0;1,3;90;367;19;102;0,06;266;0,17;1,2;0;0;0;0;1,07;0;0;78,7
Camarão, Rio Grande, grande, cru;416;100;47;10;0;197.0;124;0,5;0;0;0,7;51;201;27;72;0,04;234;0,11;0,7;20;0;0;0;0;20;20;89,1
Camarão, Sete Barbas, sem cabeça, com casca, frito;533;100;231;18,4;2,9;968.0;283;15,6;0;0;2,4;960;99;74;107;0,38;337;0,19;1,1;0;0,05;0;0;0,35;0;0;61
Cana, caldo de;540;100;65;0;18,2;273.0;0;0;0,1;2,8;0,8;9;0;12;18;0,21;5;0,01;0,1;0;0;0;0,03;0;0;0;81,7
Canjica, branca, crua;61;100;358;7,2;78,1;1496.0;0;1;5,5;0;0,3;2;1;12;93;0,09;48;0,05;0,4;0;0;0;0;0;0;0;13,6
Canjica, com leite integral;299;100;112;2,4;23,6;471.0;1;1,2;1,2;0;0,1;43;28;6;70;0,02;41;0,03;0,3;0;0;0,04;0;0;0;0;72,5
Capuccino, pó;227;100;417;11,3;73,6;1746.0;29;8,6;2,4;0;2,3;467;382;71;886;0,17;358;0;1,1;52;0;1,41;0;0;0;0;2,6
Caqui, chocolate, cru;141;100;71;0,4;19,3;299.0;0;0,1;6,5;29,6;0,1;18;2;9;164;0,39;18;0;0,2;0;0;0;0,03;0;0;0;79,7
Carambola, crua;335;100;46;0,9;11,5;191.0;0;0,2;2;60,9;0,2;5;4;7;133;0,13;11;0,08;0,2;0;0,12;0;0;0;0;0;87,1
Caranguejo, cozido;428;100;83;18,5;0;346.0;85;0,4;0;0;2,9;357;360;52;186;0,07;154;0,72;5,7;0;0,04;0,31;0;4,17;0;0;77
Carne, bovina, acém, moído, cozido;462;100;212;26,7;0;889.0;103;10,9;0;0;2,7;4;52;17;256;0,01;164;0,06;8,1;0;0;0,32;0;1,76;0;0;61,6
Carne, bovina, acém, moído, cru;254;100;137;19,4;0;571.0;58;5,9;0;0;1,8;3;49;14;237;0;158;0,08;6,3;2;0,15;0,21;0,03;4,33;2;2;72,7
Carne, bovina, acém, sem gordura, cozido;341;100;215;27,3;0;898.0;107;10,9;0;0;2,4;7;56;14;254;0;164;0,07;8;0;0;0,04;0,07;1,63;0;0;60,4
Carne, bovina, acém, sem gordura, cru;219;100;144;20,8;0;603.0;53;6,1;0;0;1,5;5;50;13;234;0;144;0,04;5,2;2;0,12;0,12;0;2,33;2;2;71,5
Carne, bovina, almôndegas, cruas;482;100;189;12,3;9,8;792.0;34;11,2;0;0;1,6;22;621;24;328;0,17;145;0,15;2,3;0;0,11;0,04;0;2,2;0;0;64,3
Carne, bovina, almôndegas, fritas;379;100;272;18,2;14,3;1137.0;36;15,8;0;0;1,9;27;1030;48;536;0,41;244;0,19;2,6;0;0,13;0,07;0;6,6;0;0;48,1
Carne, bovina, bucho, cozido;349;100;133;21,6;0;557.0;245;4,5;0;0;0,6;13;38;7;70;0,01;63;0,05;2,5;0;0;0;0;2,18;0;0;74,1
Carne, bovina, bucho, cru;292;100;137;20,5;0;574.0;145;5,5;0;0;0,5;9;45;6;85;0,01;61;0,06;2,1;0;0;0;0;2,13;0;0;75
Carne, bovina, capa de contra-filé, com gordura, crua;45;100;217;19,2;0;908.0;63;15;0;0;1,5;6;58;17;267;0,01;144;0,06;3,5;4;0,09;0,09;0,12;1,55;4;4;64,8
Carne, bovina, capa de contra-filé, com gordura, grelhada;561;100;312;30,7;0;1304.0;120;20;0;0;2,6;7;81;18;323;0;214;0,13;6,2;0;0;0,06;0;1,74;0;0;47,9
Carne, bovina, capa de contra-filé, sem gordura, crua;58;100;131;21,5;0;548.0;58;4,3;0;0;2;6;79;20;325;0;178;0,06;4,6;0;0;0,04;0;1,81;0;0;73
Carne, bovina, capa de contra-filé, sem gordura, grelhada;139;100;239;35,1;0;1002.0;80;10;0;0;2,8;9;83;26;385;0,01;287;0,12;7,6;0;0,03;0,08;0;1,86;0;0;53,7
Carne, bovina, charque, cozido;296;100;263;36,4;0;1099.0;113;11,9;0;0;3,5;15;1443;13;90;0,02;101;0,07;6,1;0;0,05;0,07;0;1,5;0;0;45,8
Carne, bovina, charque, cru;44;100;249;22,7;0;1041.0;81;16,8;0;0;1,5;15;5875;13;236;0;122;0,03;3,9;0;0,12;0,07;0;1,63;0;0;44,5
Carne, bovina, contra-filé de costela, cru;163;100;202;19,8;0;847.0;52;13,1;0;0;1,6;3;39;14;245;0;164;0,04;4,4;3;0,14;0,08;0;2,68;3;3;66,4
Carne, bovina, contra-filé de costela, grelhado;49;100;275;29,9;0;1150.0;98;16,3;0;0;2,8;4;51;24;383;0,01;252;0,08;6,7;0;0;0,19;0,17;2,75;0;0;52,2
Carne, bovina, contra-filé, com gordura, cru;126;100;206;21,2;0;861.0;73;12,8;0;0;1,3;4;44;18;285;0,01;164;0,04;2,8;4;0,11;0,08;0,03;3,79;4;4;65,7
Carne, bovina, contra-filé, com gordura, grelhado;367;100;278;32,4;0;1163.0;144;15,5;0;0;2,4;4;57;19;352;0;219;0,09;4,8;0;0;0,18;0,13;4,91;0;0;51,7
Carne, bovina, contra-filé, sem gordura, cru;166;100;157;24;0;655.0;59;6;0;0;1,7;4;53;21;335;0;184;0,05;3,2;0;0;0,2;0;4,64;0;0;69,1
Carne, bovina, contra-filé, sem gordura, grelhado;323;100;194;35,9;0;810.0;102;4,5;0;0;2,4;5;58;21;386;0;241;0,09;5,1;0;0;0,17;0,16;4,93;0;0;57,5
Carne, bovina, contra-filé, à milanesa;411;100;352;20,6;12,2;1471.0;99;24;0,4;0;2,9;15;77;27;271;0,27;203;0,1;2,9;15;0,07;0,04;0;3,02;0;0;42,2
Carne, bovina, costela, assada;453;100;373;28,8;0;1561.0;95;27,7;0;0;2,2;28;92;20;270;0;179;0,08;5,5;0;0;0,08;0,35;0,56;0;0;43,2
Carne, bovina, coxão duro, sem gordura, cozido;280;100;217;31,9;0;906.0;71;8,9;0;0;1,7;4;41;14;252;0;189;0,07;5;2;0;0;0;3,26;2;2;58,5
Carne, bovina, coxão duro, sem gordura, cru;444;100;148;21,5;0;619.0;60;6,2;0;0;1,9;3;49;21;358;0;189;0,05;2,8;2;0,12;0,2;0;4,38;2;2;69,8
Carne, bovina, coxão mole, sem gordura, cozido;198;100;219;32,4;0;915.0;84;8,9;0;0;2,6;4;44;13;239;0;183;0,11;4,7;2;0;0;0;4,09;2;2;58
Carne, bovina, coxão mole, sem gordura, cru;235;100;169;21,2;0;707.0;84;8,7;0;0;1,9;3;61;21;335;0;175;0,05;2,6;3;0,12;0,19;0;2,32;3;3;68,6
Carne, bovina, cupim, assado;62;100;330;28,6;0;1381.0;91;23;0;0;2,7;8;72;18;321;0;212;0,08;5,3;0;0;0,08;0,14;2,16;0;0;48,4
Carne, bovina, cupim, cru;66;100;221;19,5;0;926.0;51;15,3;0;0;1,1;4;47;13;151;0;220;0,03;2,4;3;0,11;0,05;0,03;3,33;3;3;64,8
Carne, bovina, filé mingnon, sem gordura, cru;199;100;143;21,6;0;598.0;55;5,6;0;0;1,9;3;49;21;322;0,01;193;0,08;2,8;4;0,12;0,1;0,04;1,78;4;4;71,9
Carne, bovina, filé mingnon, sem gordura, grelhado;36;100;220;32,8;0;919.0;103;8,8;0;0;2,9;4;58;28;326;0,02;308;0,14;4,1;0;0,03;0,08;0,05;4,27;0;0;57
Carne, bovina, flanco, sem gordura, cozido;492;100;196;29,4;0;818.0;62;7,8;0;0;2,8;4;42;14;249;0;181;0,07;5,6;2;0;0;0;2,32;2;2;62
Carne, bovina, flanco, sem gordura, cru;148;100;141;20;0;592.0;50;6,2;0;0;1,6;3;54;18;324;0;167;0,05;4,5;2;0,11;0,16;0;3,28;2;2;72,1
Carne, bovina, fraldinha, com gordura, cozida;85;100;338;24,2;0;1416.0;65;26;0;0;2;3;39;14;207;0;161;0,07;6,5;0;0;0,05;0,07;1,61;0;0;49,7
Carne, bovina, fraldinha, com gordura, crua;443;100;221;17,6;0;924.0;54;16,1;0;0;1,5;3;51;16;274;0;131;0,04;4,2;5;0,08;0,07;0,03;3,56;5;5;65,4
Carne, bovina, fígado, cru;1;100;141;20,7;1,1;590.0;393;5,4;0;0;5,6;4;76;12;265;0,26;334;9,01;3,5;7937;0,14;0,9;0;10,66;7937;7937;71,3
Carne, bovina, fígado, grelhado;72;100;225;29,9;4,2;942.0;601;9;0;0;5,8;6;82;10;309;0,22;420;12,58;4;14574;0,21;2,69;0;11,92;14574;14574;55
Carne, bovina, lagarto, cozido;490;100;222;32,9;0;931.0;56;9,1;0;0;1,9;4;48;13;254;0;167;0,05;7;3;0;0;0;2,55;3;3;57,6
Carne, bovina, lagarto, cru;114;100;135;20,5;0;564.0;56;5,2;0;0;1,3;3;54;20;362;0;185;0,05;2,4;2;0,1;0,14;0,03;2,19;2;2;71
Carne, bovina, língua, cozida;0;100;315;21,4;0;1318.0;105;24,8;0;0;2,1;6;59;12;175;0,01;136;0,08;4,1;0;0;0,08;0;1,83;0;0;53,4
Carne, bovina, língua, crua;222;100;215;17,1;0;901.0;118;15,8;0;0;1,7;5;73;15;251;0,02;164;0,09;2,9;0;0,05;0,04;0;1,18;0;0;65
Carne, bovina, maminha, crua;264;100;153;20,9;0;639.0;51;7;0;0;1,1;3;37;16;274;0;181;0,03;3,5;3;0,12;0,08;0,03;4,27;3;3;70
Carne, bovina, maminha, grelhada;293;100;153;30,7;0;641.0;88;2,4;0;0;2,4;4;58;21;386;0;237;0,08;5,6;0;0;0,04;0,13;1,46;0;0;65,3
Carne, bovina, miolo de alcatra, sem gordura, cru;334;100;163;21,6;0;681.0;60;7,8;0;0;2;3;43;20;299;0,01;165;0,06;3;4;0,12;0,07;0;3,59;4;4;69,5
Carne, bovina, miolo de alcatra, sem gordura, grelhado;186;100;241;31,9;0;1010.0;92;11,6;0;0;3,2;5;52;26;385;0,02;279;0,11;4,8;0;0,03;0,05;0,05;4,66;0;0;52,4
Carne, bovina, músculo, sem gordura, cozido;491;100;194;31,2;0;811.0;56;6,7;0;0;2,4;5;62;13;253;0;176;0,08;6,4;2;0;0;0;1,97;2;2;62,8
Carne, bovina, músculo, sem gordura, cru;86;100;142;21,6;0;592.0;51;5,5;0;0;1,9;4;66;17;296;0;162;0,05;3,7;2;0,09;0,19;0,04;2,79;2;2;72,4
Carne, bovina, paleta, com gordura, crua;354;100;159;21,4;0;664.0;58;7,5;0;0;1,8;4;65;14;250;0;158;0,08;3,7;0;0;0,04;0,02;0,91;0;0;70,6
Carne, bovina, paleta, sem gordura, cozida;47;100;194;29,7;0;810.0;56;7,4;0;0;2,2;6;58;18;250;0;197;0,1;6,8;0;0,03;0,04;0;2,16;0;0;62,9
Carne, bovina, paleta, sem gordura, crua;325;100;141;21;0;590.0;42;5,7;0;0;1,9;4;66;18;319;0;163;0,05;3,3;3;0,13;0,21;0;2,67;3;3;72,1
Carne, bovina, patinho, sem gordura, cru;149;100;133;21,7;0;558.0;56;4,5;0;0;1,8;3;49;20;318;0,01;170;0,05;4,5;2;0,11;0,08;0;3,61;2;2;72,9
Carne, bovina, patinho, sem gordura, grelhado;505;100;219;35,9;0;917.0;126;7,3;0;0;3;5;60;27;421;0,02;289;0,12;8,1;0;0,04;0,03;0;3,01;0;0;55,2
Carne, bovina, peito, sem gordura, cozido;274;100;338;22,2;0;1416.0;100;27;0;0;1,6;4;56;14;204;0;136;0,05;3,9;0;0;0,3;0;4,54;0;0;51,2
Carne, bovina, peito, sem gordura, cru;124;100;259;17,6;0;1085.0;59;20,4;0;0;1,3;4;64;15;241;0;124;0,06;2,6;4;0,11;0,07;0,03;3,91;4;4;61,5
Carne, bovina, picanha, com gordura, crua;415;100;213;18,8;0;891.0;60;14,7;0;0;1,7;2;38;14;232;0;165;0,06;3,8;3;0,13;0,16;0;4,77;3;3;65,6
Carne, bovina, picanha, com gordura, grelhada;537;100;289;26,4;0;1208.0;92;19,5;0;0;3,2;4;60;24;355;0;246;0,14;5,5;0;0,03;0,06;0,13;1,6;0;0;53,4
Carne, bovina, picanha, sem gordura, crua;501;100;134;21,3;0;559.0;75;4,7;0;0;2,1;3;61;20;322;0;183;0,08;4,2;0;0;0,05;0;1,89;0;0;72,4
Carne, bovina, picanha, sem gordura, grelhada;93;100;238;31,9;0;998.0;100;11,3;0;0;3,6;4;61;25;377;0,02;282;0,17;6,7;0;0;0,08;0,03;1,82;0;0;54,6
Carne, bovina, seca, cozida;420;100;313;26,9;0;1309.0;100;21,9;0;0;1,9;13;1943;12;86;0,02;82;0,03;7,7;0;0;0,06;0;2,32;0;0;47,2
Carne, bovina, seca, crua;276;100;313;19,7;0;1309.0;92;25,4;0;0;1,3;14;4440;12;190;0,01;100;0;3,7;0;0;0,07;0;2,83;0;0;39,2
Caruru, cru;329;100;34;3,2;6;142.0;0;0,6;4,5;5,4;4,5;455;14;197;279;0,89;77;0,37;6;0;0;0,1;0,11;0;1906;1906;87,6
Cará, cozido;143;100;78;1,5;18,9;325.0;0;0,1;2,6;0;0,3;5;1;15;203;0,02;28;0,11;0,2;0;0,12;0;0,12;0;0;0;78,9
Cará, cru;525;100;96;2,3;23;400.0;0;0,1;7,3;8,8;0,2;4;0;11;212;0,01;35;0,06;0,2;0;0,11;0;0,02;0;0;0;73,7
Castanha-de-caju, torrada, salgada;449;100;570;18,5;29,1;2386.0;0;46,3;3,7;0;5,2;33;125;237;671;1,59;594;1,92;4,7;0;0,29;0,05;0,39;0;0;0;3,5
Castanha-do-Brasil, crua;106;100;643;14,5;15,1;2690.0;0;63,5;7,9;0;2,3;146;1;365;651;1,1;853;1,79;4,2;0;0,3;0;0,44;0;0;0;3,5
Catalonha, crua;30;100;24;1,9;4,8;100.0;0;0,3;2;7,3;3,1;57;9;17;412;0,34;32;0,27;0,5;0;0;0,03;0,36;1,54;0;0;91,8
Catalonha, refogada;184;100;63;2;4,8;265.0;0;4,8;3,7;0;1,2;63;25;16;452;0,64;35;0,18;0,4;0;0,04;0;0,03;0,6;850;850;87,4
Cação, posta, com farinha de trigo, frita;88;100;208;25;3,1;872.0;75;10;0,5;0;1;30;160;26;420;0,06;462;0;0,6;17;0;0;0;0,77;17;17;60,6
Cação, posta, cozida;232;100;116;25,6;0;485.0;83;0,7;0;0;0,3;10;115;21;249;0;204;0,03;0,6;12;0;0,04;0;9,77;12;12;75,9
Cação, posta, crua;15;100;83;17,9;0;349.0;36;0,8;0;0;0,2;9;176;19;299;0,04;181;0,13;0,3;6;0,04;0;0;1,31;6;6;81,4
Cebola, crua;562;100;39;1,7;8,9;165.0;0;0,1;2,2;4,7;0,2;14;1;12;176;0,13;38;0,05;0,2;0;0,04;0;0,14;0;0;0;88,9
Cebolinha, crua;441;100;20;1,9;3,4;82.0;0;0,4;3,6;31,8;0,6;80;2;25;206;0,13;27;0,04;0,3;0;0,03;0,04;0,08;0;134;134;93,9
Cenoura, cozida;351;100;30;0,8;6,7;125.0;0;0,2;2,6;0;0,1;26;8;14;176;0,05;27;0,02;0,2;0;0,07;0;0,06;2,68;612;612;91,7
Cenoura, crua;512;100;34;1,3;7,7;143.0;0;0,2;3,2;5,1;0,2;23;3;11;315;0,05;28;0,05;0,2;0;0;0;0,05;0;1326;1326;90,1
Cereais, milho, flocos, com sal;255;100;370;7,3;80,8;1546.0;0;1,6;5,3;0;0,5;2;272;20;69;0;91;0;0,6;0;0,12;0;0,06;0;0;0;9,3
Cereais, milho, flocos, sem sal;69;100;363;6,9;80,4;1520.0;0;1,2;1,8;0;1,7;2;31;17;29;0;58;0,24;0,3;0;0,05;0;0,04;0;0;0;11,2
Cereais, mingau, milho, infantil;390;100;394;6,4;87,3;1650.0;0;1,1;3,2;109,4;3;219;399;16;82;0,11;169;0,04;0,4;21;3,72;0,47;5,08;24,16;0;0;4,7
Cereais, mistura para vitamina, trigo, cevada e aveia;383;100;381;8,9;81,6;1595.0;0;2,1;5;13,1;12,6;584;1163;72;244;2,28;515;0,21;2;0;0,76;0,88;1,49;7,46;0;0;4,4
Cereal matinal, milho;212;100;365;7,2;83,8;1529.0;0;1;4,1;17,3;3,1;143;655;11;83;0,06;101;0,06;7,6;0;0,76;1,02;2,25;11,04;31;31;5,5
Cereal matinal, milho, açúcar;90;100;377;4,7;88,8;1576.0;0;0,7;2,1;14,6;3,9;56;405;8;52;0,13;43;0,04;8,5;0;0,73;1,11;0,79;10,13;31;31;4,3
Cerveja, pilsen 2;175;100;41;0,6;3,3;170.0;0;0;0;0;0;5;4;7;29;0,01;19;0;0;0;0;0;0,14;2,92;0;0;92,4
Chantilly, spray, com gordura vegetal;502;100;315;0,5;16,9;1318.0;0;27,3;0;0;0;2;110;1;5;0;16;0,01;0,1;0;0,07;0;0;0;0;0;55,1
Charuto, de repolho;307;100;78;6,8;10,1;327.0;21;1,1;1,5;4,8;0,9;23;12;13;184;0,22;68;1,45;1,8;0;0,03;0;0;0,32;0;0;81,5
Chicória, crua;220;100;14;1,1;2,9;58.0;0;0,1;2,2;6,5;0,5;45;14;14;425;0,13;13;0,04;0,1;0;0,03;0,1;0;0,68;0;0;95,1
Chocolate, ao leite;290;100;540;7,2;59,6;2258.0;17;30,3;2,2;0;1,6;191;77;57;355;0,3;212;0,31;1,1;0;0,05;0,22;0,59;0,63;0;0;1,3
Chocolate, ao leite, com castanha do Pará;193;100;559;7,4;55,4;2338.0;16;34,2;2,5;1,4;1,5;171;64;80;431;0,36;303;0,45;1,3;36;0,04;0,24;0;1,37;0;0;1,2
Chocolate, ao leite, dietético;455;100;557;6,9;56,3;2330.0;13;33,8;2,8;2;3,3;188;85;67;458;0,41;276;0,43;1,1;7;0,31;0,25;0;0,79;0;0;1,7
Chocolate, meio amargo;579;100;475;4,9;62,4;1987.0;2;29,9;4,9;2,1;3,6;45;9;107;432;0,83;220;0,77;1,5;0;0,2;0,04;0;1,06;0;0;1
Chuchu, cozido;176;100;19;0,4;4,8;78.0;0;0;1;5,6;0,1;8;2;7;54;0,07;13;0;0,1;0;0,03;0;0;0;0;0;94,6
Chuchu, cru;225;100;17;0,7;4,1;71.0;0;0,1;1,3;10,6;0,2;12;0;7;126;0,08;18;0,03;0,1;0;0;0;0;0;0;0;94,8
Chá, erva-doce, infusão 5%;317;100;1;0;0,4;6.0;0;0;0;0;0;2;1;1;10;0,01;1;0,01;0;0;1,23;0,23;0;0;0;0;99,6
Chá, preto, infusão 5%;267;100;2;0;0,6;9.0;0;0;0;0;0;0;0;1;13;0,09;2;0;0;0;3,11;0,48;0;0;0;0;99,4
Ciriguela, crua;286;100;76;1,4;18,9;316.0;0;0,4;3,9;27;0,4;27;2;18;248;0,06;49;0,12;0,5;0;0,14;0;0;0;0;0;78,7
Cocada branca;144;100;449;1,1;81,4;1878.0;0;13,6;3,6;0;1,2;7;29;17;183;0,36;396;0,2;0,4;0;0;0;0,16;0,47;0;0;3,4
Coco, cru;575;100;406;3,7;10,4;1701.0;0;42;5,4;2,5;1,8;6;15;51;354;1;118;0,45;0,9;0;0;0;0,03;0;0;0;43
Coco, água de;289;100;22;0;5,3;90.0;0;0;0,1;2,4;0;19;2;5;162;0,25;4;0;0;0;0,01;0;0;0;0;0;94,3
Coentro, folhas desidratadas;159;100;309;20,9;48;1293.0;0;10,4;37,3;40,8;81,4;784;18;393;3223;10,48;388;4,09;4,7;0;0,1;0,11;0,09;0;0;0;10,6
Corimba, cru;427;100;128;17,4;0;536.0;40;6;0;0;0,5;40;47;23;317;0,02;190;0,03;0,4;0;0;0;0;1,87;0;0;75,6
Corimbatá, assado;125;100;261;19,9;0;1094.0;80;19,6;0;0;1;22;40;24;326;0,01;221;0,03;0,7;0;0,13;0,06;0;2,7;0;0;59,9
Corimbatá, cozido;478;100;239;20,1;0;999.0;75;16,9;0;0;0,6;65;37;23;254;0,02;185;0,05;1;0;0;0;0;2,09;0;0;64,6
Corvina de água doce, crua;571;100;101;18,9;0;423.0;73;2,2;0;0;0,3;39;45;25;293;0,02;154;0,02;0,4;8;0;0,08;0;0;8;8;79,2
Corvina grande, assada;479;100;147;26,8;0;613.0;117;3,6;0;0;0,5;60;85;24;291;0,03;176;0,02;0,7;0;0,11;0,1;0;4,23;0;0;69
Corvina grande, cozida;569;100;100;23,4;0;419.0;123;2,6;0;0;0,6;69;68;22;194;0,02;164;0,03;0,7;6;0;0,03;0;0,77;6;6;73,6
Couve, manteiga, crua;375;100;27;2,9;4,3;113.0;0;0,5;3,1;96,7;0,5;131;6;35;403;1,02;49;0,06;0,4;0;0,2;0,31;0,06;2,29;496;496;90,9
Couve, manteiga, refogada;91;100;90;1,7;8,7;378.0;0;6,6;5,7;76,9;0,5;177;11;26;315;0,12;33;0,02;0,2;0;0;0,05;0,07;0;384;384;81,5
Couve-flor, cozida;167;100;19;1,2;3,9;80.0;0;0,3;2,1;23,7;0,1;16;2;5;80;0,1;25;0;0,3;0;0,04;0;0;0;0;0;94,3
Couve-flor, crua;57;100;23;1,9;4,5;94.0;0;0,2;2,4;36,1;0,5;18;3;12;256;0,16;57;0,03;0,3;0;0,03;0,09;0,1;0;2;2;92,8
Coxinha de frango, frita;328;100;283;9,6;34,5;1184.0;15;11,8;5;0;1,3;18;532;17;166;0,28;93;0,09;0,5;0;0,09;0;0;2,6;0;0;42,2
Creme de Leite;423;100;221;1,5;4,5;927.0;66;22,5;0;0;0,3;83;52;8;119;0,01;118;0,02;0,3;128;0;0,1;0;0;0;0;70,9
Creme de arroz, pó;194;100;386;7;83,9;1615.0;0;1,2;1,1;0;0,6;7;1;51;115;1,24;153;0,04;1,9;0;0,22;0;0,05;0;0;0;7,3
Creme de milho, pó;130;100;333;4,8;86,1;1393.0;0;1,6;3,7;96,3;4,3;323;594;30;166;0,2;303;0,04;0,8;0;0,74;0;2,05;0;0;0;5,7
Croquete, de carne, cru;277;100;246;12;13,9;1028.0;30;15,6;0;0;2,5;15;711;24;221;0,34;144;0,1;2,7;0;0,11;0,04;0;1,95;0;0;56
Croquete, de carne, frito;252;100;347;16,9;18,1;1451.0;38;22,7;0;0;2,3;18;916;30;313;0,39;176;0,09;3,3;0;0,14;0,04;0;4,77;0;0;39,2
Cupuaçu, cru;434;100;49;1,2;10,4;207.0;0;1;3,1;24,5;0,5;13;3;18;331;0,07;21;0,07;0,3;0;0,37;0,04;0,07;4,34;0;0;86,2
Cupuaçu, polpa, congelada;214;100;49;0,8;11,4;204.0;0;0,6;1,6;10,5;0,3;5;1;14;291;0,17;14;0,14;0,2;0;0,07;0,07;0,05;0;0;0;86,6
Curau, milho verde;544;100;78;2,4;13,9;328.0;5;1,6;0,5;0;0,4;53;21;16;162;0,06;75;0,03;0,4;12;0,04;0,07;0;0;20;20;81,6
Curau, milho verde, mistura para;208;100;402;2,2;79,8;1683.0;0;13,4;2,5;0;0,9;31;223;9;55;0,05;45;0,03;0,2;0;0,13;0;0;0;0;0;3,9
Cuscuz, de milho, cozido com sal;392;100;113;2,2;25,3;475.0;0;0,7;2,1;0;0,2;2;248;3;11;0,02;23;0;0,2;0;0;0;0,06;0;0;0;71,1
Cuscuz, paulista;65;100;142;2,6;22,5;595.0;15;4,6;2,4;0;0,3;14;236;5;53;0,06;26;0,05;0,2;0;0;0;0;0,93;0;0;68,9
Cuxá, molho;19;100;80;5,6;5,7;335.0;58;3,6;3;10,3;0,9;105;1344;34;124;0,23;111;0,17;0,6;0;0,04;0;0,03;1,1;33;33;81
Dobradinha;152;100;125;19,8;0;521.0;144;4,4;0;0;1;11;29;8;58;0,11;57;0,06;2,7;0;0;0;0;4,27;0;0;75,3
Doce, de abóbora, cremoso;497;100;199;0,9;54,6;832.0;0;0,2;2,3;0,1;0,9;13;0;6;137;0,01;14;0;0;0;0,08;0;0,04;0;0;0;43,9
Doce, de leite, cremoso;380;100;306;5,5;59,5;1282.0;20;6;0;0;0,1;195;120;16;259;0,01;141;0,02;0,5;36;0,05;0,26;0;0;36;36;27,5
Dourada de água doce, fresca;560;100;131;18,8;0;549.0;52;5,6;0;0;0,2;12;40;26;393;0,01;189;0,02;0,5;0;0;0;0;3,7;0;0;76,2
Empada de frango, pré-cozida, assada;529;100;358;6,9;47,5;1499.0;23;15,6;2,2;0;1,2;16;525;18;138;0,32;78;0,07;0,6;0;0,12;0;0;0;0;0;28,2
Empada, de frango, pré-cozida;142;100;377;7,3;35,5;1579.0;23;22,9;2,2;0;0,7;14;771;17;156;0,25;78;0,09;0,5;0;0,11;0;0,03;0;0;0;32
Ervilha, em vagem;183;100;88;7,5;14,2;367.0;0;0,5;9,7;12,4;1,4;24;0;42;311;0,4;152;0,2;1,2;0;0,27;0,07;0,06;1,16;0;0;76,8
Ervilha, enlatada, drenada;372;100;74;4,6;13,4;309.0;0;0,4;5,1;0;1,4;22;372;23;147;0,46;79;0,14;0,9;0;0,07;0,03;0;0;9;9;80,1
Espinafre, Nova Zelândia, cru;250;100;16;2;2,6;67.0;0;0,2;2,1;2,4;0,4;98;17;82;336;0,71;25;0,06;0,3;0;0,1;0,21;0,06;0;484;484;94
Espinafre, Nova Zelândia, refogado;297;100;67;2,7;4,2;281.0;0;5,4;2,5;5,3;0,6;112;47;123;149;0,61;34;0,04;0,6;0;0,08;0,13;0,13;0;624;624;86,6
Estrogonofe de carne;403;100;173;15;3;724.0;66;10,8;0;0;2,7;28;123;22;322;0,03;186;0,14;2;28;0,06;0,05;0;3,25;0;0;70,1
Estrogonofe de frango;303;100;157;17,6;2,6;656.0;80;8;0;0;1,5;26;99;25;307;0,03;195;0,12;0,6;28;0,07;0,04;0,03;3,37;0;0;70,9
Farinha, de arroz, enriquecida;113;100;363;1,3;85,5;1519.0;0;0,3;0,6;173,6;31,4;1;17;4;13;0,04;36;0;8,5;0;3,23;0;3,47;24,42;0;0;12,7
Farinha, de centeio, integral;506;100;336;12,5;73,3;1405.0;0;1,8;15,5;0;4,7;34;41;120;334;3,86;340;0,56;2,7;0;0,29;0,03;0,08;0;0;0;10,8
Farinha, de mandioca, crua;209;100;361;1,6;87,9;1510.0;0;0,3;6,4;0;1,1;65;1;37;340;0;42;0,08;0,4;0;0,14;0;0,04;0;0;0;9,4
Farinha, de mandioca, torrada;331;100;365;1,2;89,2;1528.0;0;0,3;6,5;0;1,2;76;10;40;328;0,37;39;0;0,4;0;0;0;0,81;0;0;0;8,3
Farinha, de mesocarpo de babaçu, crua;63;100;329;1,4;79,2;1376.0;0;0,2;17,9;0;18,3;61;12;39;362;0,38;26;0,22;0,3;0;0;0;0;2,58;0;0;15,8
Farinha, de milho, amarela;494;100;351;7,2;79,1;1467.0;0;1,5;5,5;0;2,3;1;45;31;58;0;84;0,27;0,6;0;0,25;0;0,25;0;18;18;11,8
Farinha, de puba;271;100;360;1,6;87,3;1507.0;0;0,5;4,2;0;1,4;41;4;27;338;0,16;33;0,07;0,3;0;0,09;0;0;0;0;0;9,8
Farinha, de rosca;397;100;371;11,4;75,8;1550.0;0;1,5;4,8;0;6,7;35;333;57;212;1,62;195;0,26;1,7;0;0,25;0;0,09;0;0;0;9,8
Farinha, de trigo;513;100;360;9,8;75,1;1508.0;0;1,4;2,3;0;1;18;1;31;151;0,46;115;0,15;0,8;0;0,31;0;0;0,89;0;0;13
Farinha, láctea, de cereais;73;100;415;11,9;77,8;1736.0;11;5,8;1,9;24,3;8,7;196;125;58;366;1,49;296;0,19;1,7;492;1,43;1,13;1,14;9,5;0;0;2,7
Feijoada;263;100;117;8,7;11,6;489.0;22;6,5;5,1;0;1,3;32;278;32;303;0,24;105;0,15;0,8;0;0,08;0,03;0;0,93;0;0;71,8
Feijão tropeiro mineiro;418;100;152;10,2;19,6;634.0;68;6,8;3,6;0;2,2;41;365;36;349;0,38;199;0,22;1,4;9;0;0;0;1,44;0;0;61,7
Feijão, broto, cru;451;100;39;4,2;7,8;162.0;0;0,1;2;12;0,8;14;2;25;189;0,19;75;0,17;0,6;0;0;0,04;0,15;0;0;0;87,5
Feijão, carioca, cozido;419;100;76;4,8;13,6;320.0;0;0,5;8,5;0;1,3;27;2;42;255;0,28;87;0,19;0,7;0;0,04;0;0;0;0;0;80,4
Feijão, carioca, cru;508;100;329;20;61,2;1377.0;0;1,3;18,4;0;8;123;0;210;1352;1,02;385;0,79;2,9;0;0,17;0;0,65;4,02;0;0;14
Feijão, fradinho, cozido;81;100;78;5,1;13,5;326.0;0;0,6;7,5;0;1,1;17;1;38;253;0,53;85;0,1;1,1;0;0,12;0;0;0;0;0;80
Feijão, fradinho, cru;18;100;339;20,2;61,2;1419.0;0;2,4;23,6;0;5,1;78;10;178;1083;1,43;355;0,7;3,9;0;0,14;0,03;0,26;0;0;0;12,7
Feijão, jalo, cozido;172;100;93;6,1;16,5;388.0;0;0,5;13,9;0;1,9;29;1;44;348;0,32;121;0,24;1;0;0,13;0;0,04;0;0;0;75,8
Feijão, jalo, cru;527;100;328;20,1;61,5;1372.0;0;0,9;30,3;0;7;98;25;170;1276;0,99;427;0,95;3;0;0,1;0;0,12;0;0;0;13,5
Feijão, preto, cozido;542;100;77;4,5;14;322.0;0;0,5;8,4;0;1,5;29;2;40;256;0,37;88;0,2;0,7;0;0,06;0;0,03;0;0;0;80,2
Feijão, preto, cru;281;100;324;21,3;58,8;1354.0;0;1,2;21,8;0;6,5;111;0;188;1416;1,32;471;0,83;2,9;0;0,12;0;0,59;4,6;0;0;14,9
Feijão, rajado, cozido;179;100;85;5,5;15,3;354.0;0;0,4;9,3;0;1,4;29;1;42;315;0,29;113;0,23;0,9;0;0,09;0;0,04;0;0;0;77,9
Feijão, rajado, cru;32;100;326;17,3;62,9;1363.0;0;1,2;24;0;18,6;111;14;170;1135;1,17;335;0,84;2,6;0;0,07;0,03;0,07;0;0;0;15
Feijão, rosinha, cozido;332;100;68;4,5;11,8;284.0;0;0,5;4,8;0;1,2;19;2;43;241;0,46;90;0,09;1,3;0;0;0;0;3,69;0;0;82,6
Feijão, rosinha, cru;447;100;337;20,9;62,2;1410.0;0;1,3;20,6;0;5,3;68;24;184;1109;1,08;394;0,6;4;0;0,16;0,03;0;3,92;0;0;12
Feijão, roxo, cozido;100;100;77;5,7;12,9;322.0;0;0,5;11,5;0;1,4;23;1;34;268;0,32;106;0,22;1;0;0,15;0;0,03;0;0;0;80
Feijão, roxo, cru;247;100;331;22,2;60;1387.0;0;1,2;33,8;0;6,9;120;10;162;1221;1,34;394;1,04;3,3;0;0,26;0;0,08;0;0;0;12,6
Fermento em pó, químico;471;100;90;0,5;43,9;375.0;0;0,1;0;0;0;0;10052;0;0;0;0;0;0;0;0;0;0;0;0;0;7,1
Fermento, biológico, levedura, tablete;291;100;90;17;7,7;376.0;0;1,5;4,2;0;2,6;18;40;38;576;0,2;419;0,29;11;0;0,3;0,36;0;0;0;0;71,9
Figo, cru;421;100;41;1;10,2;173.0;0;0,2;1,8;0,8;0,2;27;0;11;174;0,06;15;0,13;0,1;0;0,05;0;0;0;0;0;88,2
Figo, enlatado, em calda;102;100;184;0,6;50,3;771.0;0;0,2;2;5,2;0,5;33;7;7;39;0,16;6;0,25;0,1;0;0;0;0;0;0;0;48,8
Frango, asa, com pele, crua;475;100;213;18,1;0;892.0;113;15,1;0;0;0,6;11;96;23;211;0,01;155;0,02;1,2;10;0,11;0,04;0;2,58;10;10;67,5
Frango, caipira, inteiro, com pele, cozido;548;100;243;23,9;0;1016.0;110;15,6;0;0;1,7;17;56;18;210;0,01;162;0,08;1,7;16;0,03;0;0;6,33;16;16;59,7
Frango, caipira, inteiro, sem pele, cozido;486;100;196;29,6;0;819.0;106;7,7;0;0;2,1;66;53;23;224;0,02;210;0,15;2,7;6;0,03;0,03;0;9,2;6;6;61,4
Frango, com açafrão;201;100;113;9,7;4,1;472.0;50;6,2;0,2;5,3;0,8;13;29;16;256;0,09;167;0,02;0,5;8;0,03;0;0;1,64;0;0;79,5
Frango, coração, cru;25;100;222;12,6;0;927.0;159;18,6;0;0;4,1;6;95;20;220;0,05;193;0,2;2;9;0,23;0,35;0;3,39;9;9;69,1
Frango, coração, grelhado;431;100;207;22,4;0,6;867.0;280;12,1;0;0;6,5;8;128;20;243;0,06;276;0,3;3,4;0;0,2;0,19;0;9,7;0;0;63,5
Frango, coxa, com pele, assada;503;100;215;28,5;0,1;900.0;145;10,4;0;0;1,2;8;95;14;318;0;251;0,05;2,6;6;0,05;0,05;0;10,4;6;6;59,8
Frango, coxa, com pele, crua;132;100;161;17,1;0;676.0;97;9,8;0;0;0,7;8;95;26;275;0,02;185;0,03;2;10;0,16;0,05;0;2,04;10;10;72,9
Frango, coxa, sem pele, cozida;476;100;167;26,9;0;701.0;133;5,8;0;0;0,8;12;64;11;191;0;187;0,03;2,8;0;0,07;0;0;8,2;0;0;66,7
Frango, coxa, sem pele, crua;265;100;120;17,8;0;502.0;91;4,9;0;0;0,8;8;98;27;291;0,02;196;0,03;2,2;12;0,17;0,05;0;3,53;12;12;76,4
Frango, filé, à milanesa;153;100;221;28,5;7,5;924.0;84;7,8;1,1;0;1,1;9;122;35;408;0,06;249;0,05;0,8;7;0,05;0,04;0,52;11,07;7;7;54,9
Frango, fígado, cru;68;100;106;17,6;0;446.0;341;3,5;0;0;9,5;6;82;28;281;0,35;344;0,26;3,7;3863;0,62;0,56;0;6,36;3863;3863;77,8
Frango, inteiro, com pele, cru;467;100;226;16,4;0;947.0;85;17,3;0;0;0,6;6;63;24;217;0,01;174;0,04;1,1;7;0,08;0,03;0;3,28;7;7;66,5
Frango, inteiro, sem pele, assado;217;100;187;28;0;784.0;111;7,5;0;0;0,6;9;70;14;283;0;233;0,03;1,6;0;0,09;0;0;11,2;0;0;63,2
Frango, inteiro, sem pele, cozido;119;100;170;25;0;713.0;99;7,1;0;0;0,5;8;51;12;217;0;194;0,04;1,2;0;0,1;0;0;12,83;0;0;67,5
Frango, inteiro, sem pele, cru;373;100;129;20,6;0;540.0;78;4,6;0;0;0,5;7;73;27;238;0,01;190;0,03;1,2;4;0,12;0,03;0;3,28;4;4;74,9
Frango, peito, com pele, assado;559;100;212;33,4;0;886.0;109;7,6;0;0;0,5;8;56;18;380;0,01;297;0,01;1;6;0,12;0;0;15,8;6;6;58,5
Frango, peito, com pele, cru;236;100;149;20,8;0;625.0;80;6,7;0;0;0,4;8;62;28;252;0,01;213;0,05;0,6;4;0,09;0;0;2,58;4;4;71,9
Frango, peito, sem pele, cozido;76;100;163;31,5;0;681.0;89;3,2;0;0;0,3;6;36;14;231;0;224;0,02;0,9;0;0,1;0;0;7,6;0;0;65,6
Frango, peito, sem pele, cru;243;100;119;21,5;0;499.0;59;3;0;0;0,4;7;56;31;267;0,01;222;0,03;0,7;2;0,1;0;0;5,86;2;2;74,8
Frango, peito, sem pele, grelhado;118;100;159;32;0;666.0;89;2,5;0;0;0,3;5;50;18;387;0;295;0,02;0,8;0;0,11;0;0;24,83;0;0;63,8
Frango, sobrecoxa, com pele, assada;370;100;260;28,7;0;1086.0;158;15,2;0;0;1,2;11;96;15;323;0;252;0,06;2,2;8;0,1;0,05;0;11,2;8;8;55
Frango, sobrecoxa, com pele, crua;2;100;255;15,5;0;1065.0;88;20,9;0;0;0,7;7;68;22;190;0,01;154;0,05;1,3;7;0,09;0,06;0;3,4;7;7;63,6
Frango, sobrecoxa, sem pele, assada;279;100;233;29,2;0;974.0;145;12;0;0;1,2;12;106;17;382;0;281;0,07;2,2;11;0,1;0,05;0;10,2;11;11;55,6
Frango, sobrecoxa, sem pele, crua;120;100;162;17,6;0;677.0;84;9,6;0;0;0,9;6;80;26;241;0,02;187;0,06;1,7;4;0,12;0,06;0;4,06;4;4;72,7
Fruta-pão, crua;275;100;67;1,1;17,2;281.0;0;0,2;5,5;9,9;0,2;34;1;24;188;0,04;27;0,07;0,1;0;0,03;0;0;0;0;0;80,9
Fécula, de mandioca;340;100;331;0,5;81,1;1384.0;0;0,3;0,6;0;0,1;12;2;3;48;0;60;0;0;0;0,03;0;0;0;0;0;17,8
Gelatina, sabores variados, pó;138;100;380;8,9;89,2;1591.0;0;0;0;40;0,3;27;235;2;7;0,03;2;0;0;0;0;0;0;0;0;0;1,2
Gergelim, semente;477;100;584;21,2;21,6;2442.0;0;50,4;11,9;0;5,4;825;3;361;546;2,67;741;1,51;5,2;0;0,94;0;0,13;5,92;0;0;3,9
Glicose de milho;23;100;292;0;79,4;1222.0;0;0;0;0;0,1;6;59;2;5;0;5;0;0;0;0;0;0;0;0;0;20,4
Goiaba, branca, com casca, crua;231;100;52;0,9;12,4;216.0;0;0,5;6,3;99,2;0,2;5;0;7;220;0,07;16;0,04;0,2;0;0;0;0,03;0;0;0;85,7
Goiaba, doce em pasta;424;100;269;0,6;74,1;1125.0;0;0;3,7;23,1;0,4;10;4;6;165;0,11;54;0,06;0,1;0;0,07;0;0;0;136;136;24,8
Goiaba, doce, cascão;322;100;286;0,4;78,7;1195.0;0;0,1;4,4;34,3;0,4;15;11;10;251;0,16;28;0,08;0,1;0;0;0;0;1,41;50;50;20,3
Goiaba, vermelha, com casca, crua;108;100;54;1,1;13;227.0;0;0,4;6,2;80,6;0,2;4;0;7;198;0,09;15;0,04;0,1;0;0;0;0,03;0;38;38;85
Graviola, crua;6;100;62;0,8;15,8;258.0;0;0,2;1,9;19,1;0,2;40;4;23;250;0,08;19;0,04;0,1;0;0,17;0,12;0,03;0;0;0;82,2
Graviola, polpa, congelada;534;100;38;0,6;9,8;160.0;0;0,1;1,2;10,5;0,1;6;3;10;170;0,06;17;0,06;0,1;0;0;0,09;0;0;0;0;89,2
Grão-de-bico, cru;557;100;355;21,2;57,9;1484.0;0;5,4;12,4;0;5,4;114;5;146;1116;3,16;342;0,67;3,2;0;0,52;0;0,75;0;0;0;12,3
Guandu, cru;115;100;344;19;64;1440.0;0;2,1;21,3;1,5;1,9;129;2;166;1215;1,02;269;0,57;2;0;1,06;0;0,07;2,69;0;0;11,4
Hambúrguer, bovino, cru;189;100;215;13,2;4,2;899.0;70;16,2;0;0;1,9;34;869;25;383;0,36;141;0,16;1,7;0;0,06;0,08;0,04;3,53;0;0;63,6
Hambúrguer, bovino, frito;177;100;258;20;6,3;1081.0;49;17;0;0;3;62;1252;60;660;0,52;324;0,17;3,2;0;0,13;0,06;0;2,73;0;0;52,5
Hambúrguer, bovino, grelhado;465;100;210;13,2;11,3;878.0;59;12,4;0;0;2,6;56;1090;48;538;0,4;263;0,18;3;0;0,18;0,06;0;5,77;0;0;59,2
Inhame, cru;295;100;97;2,1;23,2;405.0;0;0,2;1,7;5,6;0,4;12;0;29;568;0,15;65;0,17;0,3;0;0,08;0;0,11;0;0;0;73,3
Iogurte, natural;518;100;51;4,1;1,9;215.0;14;3;0;0,9;0;143;52;11;71;0;119;0,02;0,4;23;0,04;0,22;0;0;0;0;90
Iogurte, natural, desnatado;401;100;41;3,8;5,8;174.0;3;0,3;0;0,3;0;157;60;12;182;0;110;0;0,5;0;0;0,22;0;0;0;0;89,2
Iogurte, sabor morango;408;100;70;2,7;9,7;291.0;7;2,3;0,2;0;0;101;38;8;52;0;73;0,02;0,3;27;0,03;0,12;0,02;0;0;0;84,6
Iogurte, sabor pêssego;393;100;68;2,5;9,4;284.0;8;2,3;0,7;0;0,1;95;37;8;52;0;66;0,02;0,3;21;0,02;0,1;0;0,38;0;0;85,1
Jabuticaba, crua;103;100;58;0,6;15,3;243.0;0;0,1;2,3;16,2;0,1;8;0;18;130;0,3;15;0,07;0,3;0;0,06;0;0;0;0;0;83,6
Jaca, crua;156;100;88;1,4;22,5;368.0;0;0,3;2,4;14,8;0,4;11;2;40;234;0,48;14;0,09;0,2;0;0,1;0,04;0,05;0;0;0;75,1
Jambo, cru;360;100;27;0,9;6,5;113.0;0;0,1;5,1;3,8;0,1;14;22;14;135;0,05;18;0,02;0,1;0;0,08;0;0;1,18;0;0;92,1
Jamelão, cru;407;100;41;0,5;10,6;172.0;0;0,1;1,8;27,1;0;3;1;2;394;0;4;0,03;0;0;0,17;0;0,12;0;8;8;87,7
Jiló, cru;70;100;27;1,4;6,2;114.0;0;0,2;4,8;6,8;0,3;20;0;21;213;0,14;29;0,07;0,1;0;0,07;0,04;0;0;13;13;91,6
Jurubeba, crua;539;100;126;4,4;23,1;526.0;0;3,9;23,9;13,8;0,9;151;1;65;619;0,52;155;1,16;0,6;0;0,13;0,02;0,2;0;0;0;66,6
Kiwi, cru;438;100;51;1,3;11,5;214.0;0;0,6;2,7;70,8;0,3;24;0;11;269;0,05;33;0,15;0,1;0;0;0;0,06;0;5;5;85,9
Lambari, congelado, cru;346;100;131;16,8;0;547.0;159;6,5;0;0;0,9;1181;48;45;244;0,28;696;0,09;3,3;4;0,05;0;0;3,3;4;4;71,9
Lambari, congelado, frito;158;100;327;28,4;0;1368.0;246;22,8;0;0;0,8;1881;65;66;331;0,34;1067;0,31;5,6;9;0,25;0,03;0,04;8,93;9;9;40,1
Lambari, fresco, cru;381;100;152;15,7;0;634.0;144;9,4;0;0;0,6;590;41;32;207;0,41;441;0,05;2,4;0;0;0,03;0,07;1,86;0;0;72,2
Laranja, baía, crua;480;100;45;1;11,5;190.0;0;0,1;1,1;56,9;0,1;35;0;9;174;0,04;24;0,04;0,1;0;0,06;0,02;0;0;4;4;87,1
Laranja, baía, suco;326;100;37;0,7;8,7;153.0;0;0;0;94,5;0,1;6;0;8;173;0,02;22;0,02;0;0;0,03;0;0,02;0;4;4;90,2
Laranja, da terra, crua;395;100;51;1,1;12,9;215.0;0;0,2;4;34,7;0,1;51;1;14;173;0,04;20;0,04;0,2;0;0,07;0,09;0,03;0;0;0;85,4
Laranja, da terra, suco;369;100;41;0,7;9,6;171.0;0;0,1;1;44,3;0,1;13;0;10;145;0,02;15;0,02;0,1;0;0,04;0;0,04;0;4;4;89,2
Laranja, lima, crua;298;100;46;1,1;11,5;191.0;0;0,1;1,8;43,5;0,1;31;1;10;130;0,05;15;0,03;0,1;0;0,09;0,05;0,04;0;0;0;87
Laranja, lima, suco;342;100;39;0,7;9,2;165.0;0;0,1;0,4;41,3;0;8;0;11;129;0,02;16;0,02;0;0;0,1;0,03;0,04;0;0;0;89,7
Laranja, pêra, crua;99;100;37;1;8,9;154.0;0;0,1;0,8;53,7;0,1;22;0;9;163;0,05;23;0,03;0,1;0;0,07;0,02;0,02;0;1;1;89,6
Laranja, pêra, suco;205;100;33;0,7;7,6;137.0;0;0,1;0;73,3;0;7;0;8;149;0,03;14;0,01;0;0;0;0;0;0;1;1;91,3
Laranja, valência, crua;282;100;46;0,8;11,7;193.0;0;0,2;1,7;47,8;0,1;34;1;14;158;0,06;20;0,04;0,1;0;0,07;0,04;0,03;0;0;0;86,9
Laranja, valência, suco;321;100;36;0,5;8,6;151.0;0;0,1;0,4;0;0;9;0;10;143;0,03;17;0,02;0;0;0;0;0,03;0;2;2;90,5
Lasanha, massa fresca, cozida;12;100;164;5,8;32,5;685.0;0;1,2;1,6;0;1,2;10;207;4;54;0,2;42;0,07;0,4;0;0,04;0;0;3,96;0;0;59,6
Lasanha, massa fresca, crua;439;100;220;7;45,1;922.0;0;1,3;1,6;0;1,9;17;667;13;137;0,34;82;0,1;0,8;0;0,08;0;0;0;0;0;45
Leite, condensado;157;100;313;7,7;57;1308.0;28;6,7;0;2,1;0,1;246;94;22;329;0;187;0,03;0,9;53;0,06;0,33;0,57;0;0;0;27
Leite, de cabra;22;100;66;3,1;5,2;278.0;14;3,8;0;0;0,1;112;74;10;140;0;113;0,04;0,4;35;0;0,14;0;0;0;0;87,1
Leite, de coco;309;100;166;1;2,2;695.0;0;18,4;0,7;0;0,5;6;44;17;144;0,24;26;0,16;0,3;0;0;0;0;0;0;0;78
Leite, de vaca, achocolatado;516;100;83;2,1;14,2;347.0;6;2,2;0,6;3,3;0,5;70;72;13;155;0,05;71;0,04;0,3;39;0,07;0,29;0,14;1,23;0;0;80,9
Leite, de vaca, desnatado, pó;352;100;362;34,7;53;1513.0;25;0,9;0;0;0,9;1363;432;109;1556;0;1673;0,16;3,8;299;0,32;1,2;0;0,81;0;0;3,1
Leite, de vaca, integral, pó;566;100;497;25,4;39,2;2078.0;85;26,9;0;0;0,5;890;323;77;1132;0;1242;0,11;2,7;361;0,24;1,03;0;0;0;0;2,7
Leite, fermentado;376;100;70;1,9;15,7;291.0;2;0,1;0;0,5;0;72;33;6;94;0,02;63;0,01;0,3;0;0,08;0,11;0;0;0;0;81,9
Lentilha, cozida;388;100;93;6,3;16,3;388.0;0;0,5;7,9;0;1,5;16;1;22;220;0,29;104;0,17;1,1;0;0,03;0;0;0;0;0;76,3
Lentilha, crua;187;100;339;23,2;62;1419.0;0;0,8;16,9;0;7;54;0;94;887;1,08;368;0,83;3,5;0;0,11;0;0,42;5,07;0;0;11,5
Limão, cravo, suco;223;100;14;0,3;5,2;59.0;0;0;0;32,8;0,1;10;0;9;120;0,03;11;0,03;0;0;0;0;0;0;31;31;94,2
Limão, galego, suco;268;100;22;0,6;7,3;93.0;0;0,1;0;34,5;0,1;5;0;6;113;0,01;13;0,02;0,1;0;0;0;0,03;0;0;0;91,8
Limão, tahiti, cru;164;100;32;0,9;11,1;133.0;0;0,1;1,2;38,2;0,2;51;1;10;128;0,07;24;0,06;0,2;0;0,3;0,04;0;0;0;0;87,4
Lingüiça, frango, crua;362;100;218;14,2;0;913.0;64;17,4;0;0;0,5;11;1126;19;280;0,05;182;0,05;0,7;0;0,11;0,05;0;4,6;0;0;64,8
Lingüiça, frango, frita;211;100;245;18,3;0;1027.0;76;18,5;0;0;0,8;15;1374;29;364;0,1;262;0,04;1,2;0;0,11;0,05;0;5,67;0;0;59,6
Lingüiça, frango, grelhada;182;100;244;18,2;0;1019.0;80;18,4;0;0;0,7;14;1351;21;356;0,1;228;0,09;1;0;0,12;0,04;0;5,97;0;0;58,6
Lingüiça, porco, crua;495;100;227;16,1;0;951.0;53;17,6;0;0;0,4;6;1176;14;316;0,01;157;0,04;1,4;0;0,49;0,05;0;2,6;0;0;62,5
Lingüiça, porco, frita;260;100;280;20,5;0;1170.0;75;21,3;0;0;0,9;8;1432;18;409;0,01;211;0,06;3,1;0;0,41;0,07;0;5,83;0;0;54,6
Lingüiça, porco, grelhada;555;100;296;23,2;0;1241.0;82;21,9;0;0;1;8;1456;19;427;0,01;210;0,07;3,5;0;0,4;0,07;0;6,6;0;0;50,5
Linhaça, semente;429;100;495;14,1;43,3;2072.0;0;32,3;33,5;0;4,7;211;9;347;869;2,81;615;1,09;4,4;0;0,12;0;0,13;0;0;0;6,7
Macarrão, instantâneo;538;100;436;8,8;62,4;1824.0;0;17,2;5,6;0;0,8;18;1516;19;148;0,25;112;0,1;0,5;0;1,18;0,04;0,53;9,37;0;0;6
Macarrão, molho bolognesa;400;100;120;4,9;22,5;500.0;7;0,9;0,8;0;1,4;11;9;10;84;0,22;54;0,09;0,8;0;0,04;0;0;1,44;0;0;71,4
Macarrão, trigo, cru;522;100;371;10;77,9;1553.0;0;1,3;2,9;0;0,9;17;7;28;147;0,53;100;0,15;0,8;0;0,18;0,02;0;3,57;0;0;10,2
Macarrão, trigo, cru, com ovos;463;100;371;10,3;76,6;1550.0;18;2;2,3;0;0,9;19;15;0;134;0,4;118;0,14;0,8;0;0,11;0,05;0,03;4,37;0;0;10,6
Macaúba, crua;405;100;404;2,1;13,9;1692.0;0;40,7;13,4;13,4;0,8;67;1;66;306;0,08;44;0,35;0,7;0;0,11;0,11;0,03;0;1020;1020;41,5
Maionese, tradicional com ovos;94;100;302;0,6;7,9;1264.0;42;30,5;0;0;0,1;3;787;1;16;0;14;0;0,1;8;0;0,05;0;0;0;0;58,4
Mamão verde, doce em calda, drenado;165;100;209;0,3;57,6;876.0;0;0,1;1,2;0;0,2;12;5;5;9;0,04;3;0,02;0;0;0;0;0;0;0;0;41,9
Mamão, Formosa, cru;21;100;45;0,8;11,6;190.0;0;0,1;1,8;78,5;0,2;25;3;17;222;0,04;11;1,36;0,1;0;0,03;0,03;0;0;148;148;86,9
Mamão, Papaia, cru;154;100;40;0,5;10,4;168.0;0;0,1;1;82,2;0,2;22;2;22;126;0,01;11;0,02;0,1;0;0,03;0,04;0;1,03;118;118;88,6
Mamão, doce em calda, drenado;169;100;196;0,2;54;819.0;0;0,1;1,3;3,9;0,1;20;3;6;68;0,02;4;0,02;0,1;0;0,03;0;0;0;0;0;45,5
Mandioca, cozida;485;100;125;0,6;30,1;524.0;0;0,3;1,6;11,1;0,1;19;1;27;100;0,06;22;0,01;0,2;0;0,06;0;0,03;0;0;0;68,7
Mandioca, crua;448;100;151;1,1;36,2;634.0;0;0,3;1,9;16,5;0,3;15;2;44;208;0,05;29;0,07;0,2;0;0;0;0,04;0;0;0;61,8
Mandioca, farofa, temperada;399;100;406;2,1;80,3;1697.0;0;9,1;7,8;0;1,4;66;575;34;201;0,29;45;0;0,2;0;0,1;0;0,15;0;0;0;6,4
Mandioca, frita;107;100;300;1,4;50,3;1255.0;0;11,2;1,9;0;0,3;23;9;95;176;0,18;57;0,12;0,4;0;0,05;0;0,04;0;0;0;36,6
Manga, Haden, crua;553;100;64;0,4;16,7;266.0;0;0,3;1,6;17,4;0,1;12;1;8;148;0,17;9;0,1;0,1;0;0,02;0,06;0,05;0;162;162;82,3
Manga, Palmer, crua;541;100;72;0,4;19,4;303.0;0;0,2;1,6;65,5;0,1;12;2;9;157;0,05;14;0,09;0,1;0;0,09;0,03;0;0;787;787;79,7
Manga, Tommy Atkins, crua;414;100;51;0,9;12,8;212.0;0;0,2;2,1;7,9;0,1;8;0;7;138;0,34;14;0,06;0,1;0;0;0,04;0,03;0;118;118;85,8
Manga, polpa, congelada;377;100;48;0,4;12,5;202.0;0;0,2;1,1;24,9;0,1;7;7;9;131;0,12;9;0,06;0,1;0;0;0,07;0,03;0;0;0;86,5
Maniçoba;228;100;134;10;3,4;562.0;43;8,7;2,2;0;3,2;66;407;24;148;0,6;55;0,16;2;0;0,04;0,07;0,05;2,58;222;222;76,4
Manjericão, cru;229;100;21;2;3,6;88.0;0;0,4;3,3;2,3;1;211;4;58;252;0,17;40;0,16;0,5;0;0,06;0,21;0,06;0,9;1035;1035;93
Manjuba, com farinha de trigo, frita;233;100;344;23,5;10,2;1437.0;282;22,6;0,4;0;3;763;37;47;319;0,36;578;0,15;3,8;30;0,05;0,07;0;0,79;30;30;41,3
Manjuba, frita;509;100;349;30,1;0;1462.0;270;24,5;0;0;0,9;575;41;32;318;0,21;735;0,14;3,2;12;0,03;0,03;0;7,27;12;12;40,7
Manteiga, com sal;398;100;726;0,4;0,1;3037.0;201;82,4;0;0;0,2;9;579;1;15;0;28;0;0;924;0;0;0;0;0;0;15,8
Manteiga, sem sal;221;100;758;0,4;0;3170.0;214;86;0;0;0;4;4;1;5;0;7;0,04;0;1013;0;0;0;0;0;0;13,6
Maracujá, cru;97;100;68;2;12,3;286.0;0;2,1;1,1;19,8;0,6;5;2;28;338;0,12;51;0,19;0,4;0;0;0,05;0,05;0;114;114;82,9
Maracujá, polpa, congelada;27;100;39;0,8;9,6;162.0;0;0,2;0,5;7,3;0,3;5;8;10;228;0,07;15;0,05;0,2;0;0;0,09;0,06;0;0;0;88,9
Maracujá, suco concentrado, envasado;391;100;42;0,8;9,6;176.0;0;0,2;0,4;13,7;0,3;4;22;4;201;0,07;14;0,05;0,1;0;0;0,08;0,05;1,92;0;0;88,9
Margarina, com óleo hidrogenado, com sal (65% de lipídeos);481;100;596;0;0;2494.0;0;67,4;0;0;0,1;6;894;1;21;0;7;0;0;462;0;0;0;0;0;0;32,2
Margarina, com óleo hidrogenado, sem sal (80% de lipídeos);241;100;723;0;0;3023.0;0;81,7;0;0;0,1;3;78;1;2;0;4;0;0;534;0;0;0;0;0;0;19,6
Margarina, com óleo interesterificado, com sal (65%de lipídeos);50;100;594;0;0;2487.0;0;67,2;0;0;0;5;561;1;15;0;6;0;0;385;0;0;0;0;0;0;32
Margarina, com óleo interesterificado, sem sal (65% de lipídeos);468;100;593;0;0;2482.0;0;67,1;0;0;0,1;5;33;1;5;0;7;0;0;245;0;0;0;0;0;0;33,4
Maria mole;127;100;301;3,8;73,6;1260.0;0;0,2;0,7;0;0,4;13;15;7;24;0,06;4;0,2;0,1;0;0,04;0;0;0;0;0;21,6
Maria mole, coco queimado;556;100;307;3,9;75,1;1283.0;0;0,1;0,6;0;0,5;19;14;6;36;0,09;5;0,03;0,1;0;0,04;0;0;0;0;0;20,7
Marmelada;42;100;257;0,4;70,8;1076.0;0;0,1;4,1;0;0,7;11;11;6;83;0,06;20;0,09;0,1;0;0;0;0;0;0;0;28,5
Maxixe, cru;546;100;14;1,4;2,7;58.0;0;0,1;2,2;9,6;0,4;21;11;10;328;0,07;25;0,02;0,2;0;0,06;0,02;0,04;0;6;6;95,1
Maçã, Argentina, com casca, crua;311;100;63;0,2;16,6;262.0;0;0,2;2;1,5;0,1;3;1;5;117;0,01;11;0,03;0;0;0,05;0;0;0;0;0;82,6
Maçã, Fuji, com casca, crua;188;100;56;0,3;15,2;232.0;0;0;1,3;2,4;0,1;2;0;2;75;0,03;9;0,06;0;0;0;0;0,03;0;4;4;84,3
Mel, de abelha;348;100;309;0;84;1294.0;0;0;0;0,7;0,3;10;6;6;99;0,38;4;0;0,2;0;0,11;0;0;0;0;0;15,8
Melado;273;100;297;0;76,6;1241.0;0;0;0;0;5,4;102;4;115;395;2,62;74;0,84;0,3;0;0;0,05;0,2;0;0;0;22,1
Melancia, crua;312;100;33;0,9;8,1;136.0;0;0;0,1;6,1;0,2;8;0;10;104;0,14;12;0,04;0,1;0;0;0;0;0;61;61;90,7
Melão, cru;446;100;29;0,7;7,5;123.0;0;0;0,3;8,7;0,2;3;11;6;216;0,05;10;0,04;0,1;0;0;0;0,02;0;2;2;91,3
Merluza, filé, assado;96;100;122;26,6;0;510.0;91;0,9;0;0;0,4;36;120;20;364;0,03;273;0,03;0,9;0;0,05;0;0;7,97;0;0;70,7
Merluza, filé, cru;59;100;89;16,6;0;373.0;57;2;0;0;0,2;20;80;27;340;0,01;185;0;0,3;0;0;0;0;1,34;0;0;82,1
Merluza, filé, frito;151;100;192;26,9;0;802.0;109;8,5;0;0;0,4;36;90;38;447;0,02;279;0,03;0,6;0;0,05;0;0;0,77;0;0;63,5
Mexerica, Murcote, crua;117;100;58;0,9;14,9;241.0;0;0,1;3,1;21,8;0,1;33;1;12;159;0,05;19;0,06;0,1;0;0,08;0,07;0,05;0;0;0;83,7
Mexerica, Rio, crua;521;100;37;0,7;9,3;154.0;0;0,1;2,7;112;0,1;17;2;8;125;0,05;14;0,07;0,2;0;0,03;0;0;0;0;0;89,6
Milho, amido, cru;552;100;361;0,6;87,1;1512.0;0;0;0,7;0;0,1;1;8;3;9;0,02;13;0,02;0,1;0;0;0;0;0;0;0;12,2
Milho, fubá, cru;422;100;353;7,2;78,9;1479.0;0;1,9;4,7;0;0,9;3;0;41;168;0,34;108;0,08;1,1;0;0,25;0;0;0,75;26;26;11,5
Milho, verde, cru;456;100;138;6,6;28,6;578.0;0;0,6;3,9;0;0,4;2;1;33;185;0,12;113;0,05;0,5;0;0,3;0;0,04;0;32;32;63,5
Milho, verde, enlatado, drenado;454;100;98;3,2;17,1;408.0;0;2,4;4,6;1,7;0,6;2;260;20;162;0,09;61;0,05;0,5;0;0;0,05;0;3,74;48;48;76,2
Mingau tradicional, pó;37;100;373;0,6;89,3;1562.0;0;0,4;0,9;0;42;522;15;4;0;0;273;0;15,2;1533;3,41;0;3,11;19,39;0;0;8,1
Morango, cru;109;100;30;0,9;6,8;126.0;0;0,3;1,7;63,6;0,3;11;0;10;184;0,33;22;0,06;0,2;0;0;0,03;0,03;0;0;0;91,5
Mortadela;576;100;269;12;5,8;1125.0;83;21,6;0;0;1,5;67;1212;19;247;0,11;216;0,08;1;25;0,14;0,06;0;3;0;0;56,4
Mostarda, folha, crua;355;100;18;2,1;3,2;76.0;0;0,2;1,9;38,6;1,1;68;3;16;364;0,14;58;0,05;0,3;0;0,05;0,04;0,05;0;0;0;93,4
Nabo, cru;404;100;18;1,2;4,1;76.0;0;0,1;2,6;9,6;0,2;42;2;15;280;4,42;17;0,02;0,2;0;0,07;0;0,03;0;0;0;93,8
Nhoque, batata, cozido;246;100;181;5,9;36,8;756.0;15;1,9;1,8;0;1,6;11;7;18;164;0,3;68;0,1;0,5;15;0,08;0;0,04;0;0;0;55
Noz, crua;78;100;620;14;18,4;2594.0;0;59,4;7,2;0;2;105;5;153;533;4,05;396;0,75;2,1;0;0,38;0;0,13;1,08;0;0;6,2
Nêspera, crua;284;100;43;0,3;11,5;178.0;0;0;3;3,2;0,1;20;0;10;113;0,07;10;0,12;0,1;0;0;0;0;0;170;170;87,8
Omelete, de queijo;258;100;268;15,6;0,4;1121.0;384;22;0;0;1,4;166;216;14;127;0,03;314;0,03;1,4;59;0,03;0,24;0;0;0;0;60,5
Ovo, de codorna, inteiro, cru;230;100;177;13,7;0,8;740.0;568;12,7;0;0;3,3;79;129;11;79;0;279;0,04;2,1;305;0,11;0,12;0;0,97;0;0;71,7
Ovo, de galinha, clara, cozida/10minutos;294;100;59;13,4;0;249.0;0;0,1;0;0;0,1;6;181;11;146;0;15;0,03;0;0;0;0,08;0;0;0;0;85,2
Ovo, de galinha, gema, cozida/10minutos;333;100;353;15,9;1,6;1476.0;1272;30,8;0;0;2,9;114;45;9;87;0,06;386;0;2,9;148;0,18;0,22;0;0;0;0;50
Ovo, de galinha, inteiro, cozido/10minutos;374;100;146;13,3;0,6;610.0;397;9,5;0;0;1,5;49;146;11;139;0,02;184;0,04;1,2;32;0,08;0,3;0;0;0;0;75,8
Ovo, de galinha, inteiro, cru;16;100;143;13;1,6;599.0;356;8,9;0;0;1,6;42;168;13;150;0;164;0,06;1,1;79;0,07;0,58;0;0,75;0;0;75,6
Ovo, de galinha, inteiro, frito;51;100;240;15,6;1,2;1005.0;516;18,6;0;0;2,1;73;166;16;184;0,03;422;0,04;1,5;94;0,06;0,32;0;0;0;0;63,5
Palmito, juçara, em conserva;450;100;23;1,8;4,3;97.0;0;0,4;3,2;2;0,3;58;514;34;244;10,82;40;0,23;0,7;0;0,06;0,04;0;0;0;0;91,4
Palmito, pupunha, em conserva;131;100;29;2,5;5,5;123.0;0;0,5;2,6;8,7;0,2;32;563;25;206;0,14;55;0,08;0,4;0;0,03;0;0;0;0;0;89,4
Pamonha, barra para cozimento, pré-cozida;319;100;171;2,6;30,7;716.0;0;4,8;2,4;0;0,4;4;132;15;125;0,12;55;0,03;0,4;0;0;0;0;0;0;0;61,3
Pastel, de carne, cru;558;100;289;10,7;42;1208.0;18;8,8;1;0;2;17;1309;18;166;0,34;117;0,11;1,7;0;0,06;0,03;0;1,58;0;0;34,4
Pastel, de carne, frito;112;100;388;10,1;43,8;1625.0;25;20,1;1;0;2,5;13;1040;14;156;0,22;90;0,12;1,2;0;0,06;0,05;0;1,83;0;0;22,9
Pastel, de queijo, cru;28;100;308;9,9;45,9;1291.0;14;9,6;1,1;0;1;155;985;16;103;0,24;168;0,1;1;0;0,07;0,03;0;0;0;0;31,3
Pastel, de queijo, frito;310;100;422;8,7;48,1;1766.0;15;22,7;0,9;0;1,3;126;821;15;124;0,2;124;0,1;0,8;18;0,09;0,04;0;0;18;18;17,5
Pastel, massa, crua;105;100;310;6,9;57,4;1298.0;0;5,5;1,4;0;1,1;13;1344;14;167;0,38;73;0,11;0,6;0;0,15;0;0;0;0;0;27,1
Pastel, massa, frita;504;100;570;6;49,3;2384.0;0;40,9;1,3;0;1,4;11;1175;13;143;0,36;62;0,08;0,5;0;0,16;0;0;0;0;0;1
Paçoca, amendoim;551;100;487;16;52,4;2037.0;0;26,1;7,3;0;1,1;22;167;101;348;1,06;198;0,38;1,6;0;0;0;1,2;0;0;0;1,8
Pepino, cru;80;100;10;0,9;2;40.0;0;0;1,1;5;0,1;10;0;9;154;0,08;12;0,04;0,1;0;0;0,03;0;0;4;4;96,8
Pequi, cru;239;100;205;2,3;13;858.0;0;18;19;8,3;0,3;32;0;30;298;0,64;34;0,21;1;0;0,17;0,48;0,06;2,57;60;60;65,9
Peru, congelado, assado;327;100;163;26,2;0;682.0;91;5,7;0;0;0,6;14;628;12;175;0,02;197;0,03;1,2;0;0,06;0;0;6,23;0;0;65,3
Peru, congelado, cru;324;100;94;18,1;0;392.0;68;1,8;0;0;0,9;10;711;19;281;0;217;0,36;1,4;0;0,06;0;0;4,23;0;0;78,2
Pescada, branca, crua;270;100;111;16,3;0;464.0;51;4,6;0;0;0,2;16;76;19;261;0,01;136;0;0,3;3;0;0,04;0;0,6;3;3;79,6
Pescada, branca, frita;98;100;223;27,4;0;933.0;165;11,8;0;0;0,5;378;107;30;355;0,06;504;0,08;1,1;39;0,08;0,11;0;8,07;39;39;57
Pescada, filé, com farinha de trigo, frito;181;100;283;21,4;5;1186.0;73;19,1;0;0;0,9;26;91;28;216;0,07;216;0,03;0,4;18;0;0,03;0;0,6;18;18;53,2
Pescada, filé, cru;216;100;107;16,7;0;449.0;65;4;0;0;0,2;14;77;23;253;0,01;141;0;0,3;48;0;0,05;0;3,1;48;48;79,5
Pescada, filé, frito;412;100;154;28,6;0;645.0;81;3,6;0;0;0,3;10;115;21;249;0;204;0,03;0,6;4;0,14;0;0;8,87;4;4;66,8
Pescada, filé, molho escabeche;313;100;142;11,8;5;594.0;43;8;0,8;6,9;1,5;20;51;18;208;0,08;105;0,36;0,3;19;0;0,03;0;1,1;0;0;74,5
Pescadinha, crua;257;100;76;15,5;0;320.0;84;1,1;0;0;0,5;332;120;34;304;0,07;327;0,1;0,6;0;0,08;0;0;6,6;0;0;80,6
Pimentão, amarelo, cru;83;100;28;1,2;6;117.0;0;0,4;1,9;201,4;0,4;10;0;11;221;0,08;22;0,04;0,2;0;0,04;0,03;0,06;0;40;40;91,9
Pimentão, verde, cru;26;100;21;1,1;4,9;89.0;0;0,2;2,6;100,2;0,4;9;0;8;174;0,14;17;0,07;0,1;0;0;0;0;0;46;46;93,5
Pimentão, vermelho, cru;543;100;23;1;5,5;97.0;0;0,1;1,6;158,2;0,3;6;0;11;211;0,06;20;0,04;0,2;0;0,05;0,06;0,02;0;96;96;92,9
Pinha, crua;197;100;88;1,5;22,4;370.0;0;0,3;3,4;35,9;0,2;21;1;31;283;0,15;34;0,11;0,2;0;0,12;0,04;0,09;0;0;0;75
Pinhão, cozido;261;100;174;3;43,9;730.0;0;0,7;15,6;27,7;0,8;16;1;53;727;0,41;166;0,18;0,8;0;0;0;0;0;0;0;50,5
Pintado, assado;104;100;192;36,5;0;801.0;126;4;0;0;0,8;114;81;42;527;0,08;332;0,04;2,1;7;0,03;0;0;6,63;7;7;57
Pintado, cru;160;100;91;18,6;0;381.0;50;1,3;0;0;0,2;12;43;24;294;0,01;174;0,03;0,4;0;0;0;0;4,95;0;0;80,3
Pintado, grelhado;318;100;152;30,8;0;637.0;99;2,3;0;0;0,5;69;53;27;360;0,03;237;0,04;0,8;5;0,03;0;0;2,87;5;5;65,5
Pipoca, com óleo de soja, sem sal;17;100;448;9,9;70,3;1876.0;0;15,9;14,3;0;1,2;3;4;91;256;0,65;225;0,46;2;0;0,03;0,03;0;0;0;0;2,8
Pitanga, crua;315;100;41;0,9;10,2;173.0;0;0,2;3,2;24,9;0,4;18;2;12;113;0,36;13;0,08;0,4;0;0,03;0,1;0;0;154;154;88,3
Pitanga, polpa, congelada;34;100;19;0,3;4,8;80.0;0;0,1;0,7;0;0,4;8;5;6;87;0,05;12;0,06;0,1;0;0;0;0;0;146;146;94,6
Polenta, pré-cozida;10;100;103;2,3;23,3;430.0;0;0,3;2,4;0;0;1;442;4;100;0;17;0,04;0,1;0;0,04;0;0;0;0;0;72,7
Polvilho, doce;79;100;351;0,4;86,8;1470.0;0;0;0,2;0;0,5;27;2;4;38;0,09;8;0;0;0;0;0;0;0;0;0;12,6
Porco, bisteca, crua;29;100;164;21,5;0;687.0;56;8;0;0;0,5;6;54;24;335;0;195;0,07;1,4;0;0,9;0;0;2,65;0;0;67,7
Porco, bisteca, frita;487;100;311;33,7;0;1302.0;126;18,5;0;0;0,8;69;63;29;404;0,01;290;0,07;2,2;10;0,34;0;0;3,25;10;10;47,3
Porco, bisteca, grelhada;436;100;280;28,9;0;1172.0;82;17,4;0;0;0,9;34;51;25;366;0;229;0,06;2,3;0;0,77;0,14;0,03;1,92;0;0;51,8
Porco, costela, assada;110;100;402;30,2;0;1683.0;113;30,3;0;0;1;17;63;14;246;0;201;0,07;3,1;0;0,71;0,05;0;10,63;0;0;36,9
Porco, costela, crua;365;100;256;18;0;1069.0;69;19,8;0;0;0,9;15;88;18;248;0;159;0,05;2,3;0;0,62;0;0;8,27;0;0;61,2
Porco, lombo, assado;549;100;210;35,7;0;880.0;103;6,4;0;0;0,5;20;39;18;311;0;238;0,03;1,8;0;0,75;0,07;0,11;12,43;0;0;56,6
Porco, lombo, cru;288;100;176;22,6;0;735.0;55;8,8;0;0;0,5;4;53;24;334;0;195;0,01;0,9;0;0,95;0;0;13,83;0;0;67,7
Porco, orelha, salgada, crua;499;100;258;18,5;0;1082.0;83;19,9;0;0;1,4;5;616;2;228;0,01;31;0,23;0,6;0;0,07;0,03;0;0;0;0;59,7
Porco, pernil, assado;146;100;262;32,1;0;1097.0;110;13,9;0;0;1,3;18;62;27;395;0,01;247;0,09;3,3;0;0,77;0,09;0;6,57;0;0;49,3
Porco, pernil, cru;46;100;186;20,1;0;778.0;59;11,1;0;0;0,9;13;102;23;256;0;192;0,16;1,7;0;1,06;0,06;0;5,67;0;0;67,1
Porco, rabo, salgado, cru;256;100;377;15,6;0;1579.0;89;34,5;0;0;0,6;22;1158;4;24;0,01;42;0,05;1,4;0;0,2;0,06;0;1,43;0;0;43,8
Porquinho, cru;510;100;93;20,5;0;389.0;49;0,6;0;0;0,4;26;67;24;313;0,05;207;0,04;0,7;5;0;0;0;1,19;5;5;79,2
Presunto, com capa de gordura;185;100;128;14,4;1,4;535.0;40;6,8;0;0;0,7;12;1021;17;295;0,04;274;0,04;1,3;0;0,62;0,03;0;3,78;0;0;73,9
Presunto, sem capa de gordura;554;100;94;14,3;2,1;392.0;36;2,7;0;0;0,8;23;1039;18;307;0,04;244;0,04;1,5;0;0,5;0,03;0;4;0;0;77,2
Pupunha, cozida;330;100;219;2,5;29,6;914.0;0;12,8;4,3;2,2;0,5;28;1;25;303;0,13;49;0,28;0,3;0;0;0,09;0,03;0;875;875;54,5
Pão, aveia, forma;470;100;343;12,4;59,6;1435.0;0;5,7;6;0;4,7;109;606;57;210;1,08;182;0,14;1,7;0;0,09;0,03;0,08;0;0;0;19,9
Pão, de queijo, assado;53;100;363;5,1;34,2;1519.0;68;24,6;0,6;0;0,3;102;773;8;93;0,03;94;0,01;0,6;61;0,04;0,1;0,04;0;0;0;33,7
Pão, de queijo, cru;204;100;295;3,6;38,5;1232.0;63;14;1;0;0,3;88;405;7;58;0;79;0;0,4;48;0;0,08;0;0;0;0;41,8
Pão, de soja;9;100;309;11,3;56,5;1292.0;0;3,6;5,7;0;3,3;90;663;48;296;0,57;153;0,16;1,5;0;0,07;0,04;0,79;0;0;0;26
Pão, glúten, forma;168;100;253;12;44,1;1059.0;0;2,7;2,5;0;5,7;156;22;24;65;0,51;105;0,06;1,3;0;0,04;0,03;0;0;0;0;40,7
Pão, milho, forma;134;100;292;8,3;56,4;1222.0;6;3,1;4,3;0;3;78;507;29;89;0,37;110;0,1;0,8;0;0,08;0;0,08;0;0;0;30,4
Pão, trigo, forma, integral;3;100;253;9,4;49,9;1059.0;0;3,7;6,9;0;3;132;506;60;163;1,62;193;0,15;1,6;0;0,08;0,04;0,15;0;0;0;34,7
Pão, trigo, francês;301;100;300;8;58,6;1254.0;0;3,1;2,3;0;1;16;648;25;142;0,46;95;0,13;0,8;3;0,39;0,67;0,6;2,34;0;0;28,5
Pão, trigo, sovado;137;100;311;8,4;61,5;1301.0;17;2,8;2,4;0;2,3;52;431;22;91;0,31;101;0;2,7;0;0,08;0,04;0,15;0;0;0;25,8
Pé-de-moleque, amendoim;67;100;503;13,2;54,7;2105.0;0;28;3,4;0;1,3;27;16;108;355;1,09;171;0,43;1,4;0;0,04;0,03;0,11;5,94;0;0;2,9
Pêra, Park, crua;528;100;61;0,2;16,1;254.0;0;0,2;3;2,4;0,3;9;1;6;102;0,04;12;0,08;0,1;0;0,06;0;0;0;0;0;83,2
Pêra, Williams, crua;35;100;53;0,6;14;223.0;0;0,1;3;2,8;0,1;8;0;6;116;0,04;12;0,07;0,1;0;0;0;0;0;0;0;85
Pêssego, Aurora, cru;532;100;36;0,8;9,3;152.0;0;0;1,4;3,3;0,2;3;0;4;124;0,05;15;0,02;0,1;0;0,05;0;0;0;0;0;89,3
Pêssego, enlatado, em calda;366;100;63;0,7;16,9;264.0;0;0;1;0;0,6;4;3;4;95;0,03;9;0,04;0,1;0;0;0;0;0;48;48;82,2
Queijo, minas, frescal;545;100;264;17,4;3,2;1106.0;62;20,2;0;0;0,9;579;31;7;105;0,02;123;0;0,3;161;0;0,25;0;0;0;0;56,1
Queijo, minas, meia cura;121;100;321;21,2;3,6;1342.0;76;24,6;0;0;0,2;696;501;27;120;0,02;403;0,07;2,7;111;0,03;0,32;0;0;0;0;47,1
Queijo, mozarela;387;100;330;22,6;3;1380.0;80;25,2;0;0;0,3;875;581;24;62;0,03;470;0,08;3,5;109;0;0,2;0;0;0;0;45,3
Queijo, parmesão;535;100;453;35,6;1,7;1895.0;106;33,5;0;0;0,5;992;1844;33;96;0,05;745;0,17;4,4;66;0;0,44;0,23;0;0;0;21,2
Queijo, pasteurizado;364;100;303;9,4;5,7;1268.0;82;27,4;0;0;0,3;323;780;16;194;0,01;578;0,05;1,3;57;0;0,2;0;0;0;0;54,4
Queijo, petit suisse, morango;33;100;121;5,8;18,5;507.0;12;2,8;0;0;0,1;731;412;27;121;0,02;448;0,01;2,7;273;0,22;0,27;0,21;2,68;0;0;72,2
Queijo, prato;314;100;360;22,7;1,9;1506.0;91;29,1;0;0;0,3;940;580;28;73;0,03;461;0,1;3,5;123;0;0,22;0;0;0;0;42,4
Queijo, requeijão, cremoso;511;100;257;9,6;2,4;1074.0;74;23,4;0;0;0,1;259;558;12;93;0,02;448;0,05;1,3;195;0;0,19;0;0;0;0;62,5
Queijo, ricota;14;100;140;12,6;3,8;585.0;49;8,1;0;0;0,1;253;283;12;112;0;162;0;0,5;53;0;0,15;0;0;0;0;73,6
Quiabo, cru;5;100;30;1,9;6,4;125.0;0;0,3;4,6;5,6;0,4;112;1;50;249;0,46;56;0,17;0,6;0;0,1;0;0,03;0;49;49;90,6
Quibe, assado;40;100;136;14,6;12,9;570.0;34;2,7;1,9;0;2,2;16;40;36;288;0,76;174;0,51;4,1;0;0,04;0,04;0;1,81;0;0;69
Quibe, cru;417;100;109;12,4;10,8;458.0;27;1,7;1,6;0;1,7;12;39;26;242;0,39;126;0,13;2,8;0;0,09;0,03;0;1,2;0;0;74,5
Quibe, frito;432;100;254;14,9;12,3;1062.0;38;15,8;0;0;2;22;836;39;322;0,72;166;0,16;2,8;0;0,12;0,1;0;1,5;0;0;54
Quibebe;71;100;86;8,6;6,6;361.0;0;2,7;1,7;0;0,8;8;247;10;153;0,05;43;0,61;1,6;0;0;0,03;0,04;0;105;105;81,1
Quindim;577;100;411;4,7;46,3;1721.0;271;24,4;3,2;0;1,4;37;27;15;111;0,25;168;0,1;1,1;76;0;0,04;0,04;1,14;0;0;23,9
Rabanete, cru;347;100;14;1,4;2,7;57.0;0;0,1;2,2;9,6;0,4;21;11;10;328;0,07;25;0,02;0,2;0;0,06;0,02;0,04;0;0;0;95,1
Rapadura;493;100;352;1;90,8;1473.0;0;0,1;0;0;4,4;30;22;47;459;1,66;21;0,17;0,6;0;0;0;0,04;0;0;0;7,1
Refrigerante, tipo cola;237;100;34;0;8,7;140.0;0;0;0;0;0;1;7;0;1;0;17;0;0;0;0;0;0;0;0;0;91,3
Refrigerante, tipo laranja;389;100;46;0;11,8;191.0;0;0;0;0;0;2;9;1;16;0;1;0;0;0;0;0;0;0;0;0;88,2
Refrigerante, tipo água tônica;122;100;31;0;8;129.0;0;0;0;0;0;1;8;0;2;0;0;0;0;0;0;0;0;0;0;0;92
Repolho, branco, cru;218;100;17;0,9;3,9;72.0;0;0,1;1,9;18,7;0,2;35;4;9;150;0,13;14;0,02;0,2;0;0;0,03;0,06;0;6;6;94,7
Repolho, roxo, cru;60;100;31;1,9;7,2;129.0;0;0,1;2;43,2;0,5;44;2;18;328;0,25;58;0,9;0,3;0;0,07;0;0,09;0;0;0;90,1
Repolho, roxo, refogado;43;100;42;1,8;7,6;175.0;0;1,2;1,8;40,5;0,5;43;3;17;321;0,26;59;0,02;0,3;0;0,07;0;0,07;0,63;0;0;88,7
Romã, crua;287;100;56;0,4;15,1;233.0;0;0;0,4;8,1;0,3;5;1;13;485;0,13;40;0,19;0,7;0;0,12;0,17;0,05;0;0;0;84
Rúcula, crua;31;100;13;1,8;2,2;55.0;0;0,1;1,7;46,3;0,9;117;9;18;233;0,24;25;0,04;0,2;0;0,04;0;0;0,35;533;533;94,8
Salada, de legumes, com maionese;251;100;96;1,1;8,9;402.0;7;7;2,2;0;0,2;12;228;9;141;0,1;22;0,04;0,2;0;0,04;0;0,04;0;283;283;82
Salada, de legumes, cozida no vapor;300;100;35;2;7,1;148.0;0;0,3;2,5;29,4;0,4;33;3;19;244;0,24;45;0,17;0,3;0;0,05;0,03;0,03;0;510;510;90
Salame;466;100;398;25,8;2,9;1665.0;85;30,6;0;0;1,3;87;1574;30;548;0,03;354;0,05;3,2;0;0,88;0,23;0;12,49;0;0;34,7
Salmão, filé, com pele, fresco, grelhado;430;100;229;23,9;0;957.0;85;14;0;0;0,5;29;85;28;384;0,02;300;0,04;0,6;0;0,13;0,06;0;5,35;0;0;60,9
Salmão, sem pele, fresco, cru;7;100;170;19,3;0;710.0;53;9,7;0;0;0,2;9;64;27;376;0;259;0,02;0,3;0;0,2;0,03;0;3,21;0;0;69
Salmão, sem pele, fresco, grelhado;226;100;243;26,1;0;1015.0;73;14,5;0;0;0,4;15;96;38;518;0,01;352;0,04;0,5;0;0,23;0,03;0;6,3;0;0;58,1
Salpicão, de frango;123;100;148;13,9;4,6;619.0;53;7,8;0,4;9,3;0,3;9;248;13;149;0,03;103;0,08;0,4;0;0,05;0;0;1,48;15;15;72,5
Salsa, crua;306;100;33;3,3;5,7;140.0;0;0,6;1,9;51,7;3,2;179;2;21;711;1,88;49;0,2;1,3;0;0,12;0,15;0,47;0,72;1743;1743;88,7
Sarapatel;574;100;123;18,5;1,1;515.0;315;4,4;0;0;7,2;12;216;13;199;0,1;164;1,48;1,8;1464;0;0,11;0;3,84;0;0;75
Sardinha, assada;452;100;164;32,2;0;688.0;109;3;0;0;1,3;438;74;51;574;0,24;578;0,14;1,8;0;0,06;0;0;5,83;0;0;60,1
Sardinha, conserva em óleo;178;100;285;15,9;0;1192.0;73;24;0;0;3,5;550;666;35;367;0,11;496;0,03;1,6;0;0,42;0,04;0;6,55;0;0;55,1
Sardinha, frita;413;100;257;33,4;0;1075.0;103;12,7;0;0;1,1;482;60;39;460;0,25;629;0,14;1,6;0;0,06;0;0;7,1;0;0;48,5
Sardinha, inteira, crua;567;100;114;21,1;0;477.0;61;2,7;0;0;1,3;167;60;29;312;0,1;294;0,13;1,3;0;0;0,07;0;7,7;0;0;76,6
Seleta de legumes, enlatada;39;100;57;3,4;12,7;237.0;0;0,4;3,1;0;1,1;16;398;16;122;0,13;49;0,08;0,5;0;0,03;0;0;3,72;244;244;82,1
Serralha, crua;316;100;30;2,7;4,9;127.0;0;0,7;3,5;1,5;1,3;126;19;30;265;0,23;48;0,2;1,3;0;0;0,11;0,08;0;1134;1134;90,2
Shoyu;500;100;61;3,3;11,6;255.0;0;0,3;0;0;0,5;15;5024;24;165;0,07;47;0;0,2;0;0,83;0,06;0,15;2,1;0;0;70,6
Soja, extrato solúvel, natural, fluido;410;100;39;2,4;4,3;164.0;0;1,6;0,4;0;0,4;17;57;15;121;0,15;53;0,08;0,3;0;0;0;0;0;0;0;91,3
Soja, extrato solúvel, pó;515;100;459;35,7;28,5;1920.0;0;26,2;7,3;9,2;7;359;83;216;1607;2,68;647;1,19;5,8;0;0;0,11;0,35;0;0;0;4,5
Soja, farinha;523;100;404;36;38,4;1690.0;0;14,6;20,2;0;13,1;206;6;242;1922;2,87;539;1,29;4,5;0;0,2;0,04;0,03;0;0;0;5,8
Soja, queijo (tofu);396;100;64;6,6;2,1;270.0;0;4;0,8;0;1,4;81;1;38;182;0,33;130;0,18;0,9;0;0,04;0;0,03;0;0;0;86,6
Tabule;357;100;57;2;10,6;240.0;0;1,2;2,1;16,2;0,6;19;1;18;188;0,37;35;0,12;0,6;0;0,03;0;0;0,6;0;0;85,8
Tacacá;92;100;47;7;3,4;196.0;71;0,4;0,2;0;0,9;45;1349;30;240;0,12;89;0,22;0,8;0;0,05;0;0;0;35;35;85,2
Taioba, crua;195;100;34;2,9;5,4;143.0;0;0,9;4,5;17,9;1,9;141;1;38;290;0,66;53;0,16;0,6;0;0;0,1;0,1;0;1160;1160;89,2
Tamarindo, cru;320;100;276;3,2;72,5;1154.0;0;0,5;6,4;7,2;0,6;37;0;59;723;0,34;55;0,29;0,7;0;0,31;0;0,1;0;0;0;22
Tangerina, Poncã, crua;170;100;38;0,8;9,6;158.0;0;0,1;0,9;48,8;0,1;13;0;8;131;0,04;12;0,03;0;0;0,06;0,02;0,02;0;47;47;89,2
Tangerina, Poncã, suco;564;100;36;0,5;8,8;151.0;0;0;0;41,8;0;4;0;6;119;0,02;9;0,02;0;0;0,06;0;0,03;0;51;51;90,4
Tapioca, com manteiga;409;100;348;0,1;63,6;1455.0;31;10,9;0;0;0,2;30;158;3;19;0,06;8;0,01;0;75;0;0;0;0;0;0;24,9
Tempero a base de sal;52;100;21;2,7;2,1;89.0;0;0,3;0,6;0;0;0;32560;0;0;0;0;0;0;0;0;0;0;0;0;0;7,7
Tomate, com semente, cru;371;100;15;1,1;3,1;64.0;0;0,2;1,2;21,2;0,2;7;1;11;222;0,07;20;0,04;0,1;0;0,12;0;0,02;0;54;54;95,1
Tomate, extrato;308;100;61;2,4;15;255.0;0;0,2;2,8;18;2,1;29;498;29;680;0,18;47;0,2;0,4;0;0;0;0,11;2,42;166;166;79,7
Tomate, molho industrializado;155;100;38;1,4;7,7;161.0;0;0,9;3,1;2,7;1,6;12;418;17;388;0,08;27;0,08;0,1;0;0;0;0,06;0;76;76;88,1
Tomate, purê;305;100;28;1,4;6,9;117.0;0;0;1;5,4;1,3;13;104;15;308;0;30;0,09;0,3;0;0;0;0,07;1,18;90;90;90,8
Tomate, salada;133;100;21;0,8;5,1;86.0;0;0;2,3;12,8;0,3;7;5;10;161;0,04;23;0,07;0,2;0;0,06;0,04;0,05;0;0;0;93,6
Torrada, pão francês;461;100;377;10,5;74,6;1579.0;0;3,3;3,4;0;1,2;19;829;32;189;0,55;114;0,16;0,9;0;0,38;0;0;0;0;0;9
Toucinho, cru;171;100;593;11,5;0;2479.0;73;60,3;0;0;0,4;2;50;4;58;0;35;0,11;0,2;0;0;0;0;5,1;0;0;27,6
Toucinho, frito;224;100;697;27,3;0;2914.0;89;64,3;0;0;0,9;9;125;9;171;0,01;95;0,1;0,8;0;0;0;0;5,03;0;0;6,3
Tremoço, cru;283;100;381;33,6;43,8;1595.0;0;10,3;32,3;25;2,8;177;3;121;708;0;265;0,79;4,2;0;0,24;0;0,07;0;0;0;9,7
Tremoço, em conserva;572;100;121;11,1;12,4;505.0;0;3,8;14,4;0;0,3;16;1809;4;5;0;40;0,27;0,6;0;0;0;0;0;0;0;67,7
Tucumã, cru;350;100;262;2,1;26,5;1096.0;0;19,1;12,7;18;0,6;46;4;121;401;0,55;53;0,39;0,9;0;0,04;0;0,11;0;2363;2363;51,3
Tucunaré, filé, congelado, cru;530;100;88;18;0;367.0;47;1,2;0;0;0,3;19;57;26;288;0,01;168;0,1;0,4;0;0;0,05;0;0,9;0;0;79,9
Tucupi, com pimenta-de-cheiro;507;100;27;2,1;4,7;114.0;0;0,3;0,2;46,4;1,1;28;5;42;391;0,52;31;0,12;0,9;0;0;0;0,05;0;51;51;91,9
Umbu, cru;174;100;37;0,8;9,4;155.0;0;0;2;24,1;0,1;12;0;11;152;0,03;13;0,04;0,4;0;0,05;0,06;0,03;0;0;0;89,3
Umbu, polpa, congelada;496;100;34;0,5;8,8;142.0;0;0,1;1,3;4;0,2;11;6;8;154;0,05;13;0,04;0,1;0;0;0,06;0;0;0;0;90,2
Uva, Itália, crua;435;100;53;0,7;13,6;221.0;0;0,2;0,9;3,3;0,1;7;0;5;162;0,13;12;0,11;0;0;0;0;0,03;0;5;5;85
Uva, Rubi, crua;460;100;49;0,6;12,7;205.0;0;0,2;0,9;1,9;0,2;8;8;6;159;0,07;23;0,05;0;0;0,02;0,02;0;0;0;0;86,1
Uva, suco concentrado, envasado;234;100;58;0;14,7;241.0;0;0;0,2;21;0,1;9;10;7;54;0,2;10;0,13;0,1;0;0,07;0,02;0,05;0;0;0;85,1
Vaca atolada;136;100;145;5,1;10,1;606.0;19;9,3;2,3;0;0,7;63;26;16;220;0,04;72;0,12;1,2;0;0;0;0;0,77;0;0;75
Vagem, crua;406;100;25;1,8;5,3;104.0;0;0,2;2,4;1,2;0,4;41;0;18;208;0,5;28;0,06;0,3;0;0;0,08;0;0;32;32;92,2
Vatapá;520;100;255;6;9,7;1066.0;44;23,2;1,7;0;1,4;47;880;39;209;0,48;108;0,28;0,9;0;0;0;0;1,8;0;0;58,4
Virado à paulista;55;100;307;10,2;14,1;1284.0;66;25,6;2,2;0;1,1;41;346;22;237;0,15;135;0,07;1;10;0,14;0,05;0;2,6;0;0;48,6
Yakisoba;253;100;113;7,5;18,3;472.0;0;2,6;1,1;0;0,6;14;794;13;159;0,15;83;0,06;0,7;0;0,16;0;0;2,09;62;62;69,4
Óleo, de babaçu;526;100;884;0;0;3699.0;0;100;0;0;0;0;0;0;0;0;0;0;0;0;0;0;0;0;0;0;0
Óleo, de canola;95;100;884;0;0;3699.0;0;100;0;0;0;0;0;0;0;0;0;0;0;0;0;0;0;0;0;0;0
Óleo, de girassol;135;100;884;0;0;3699.0;0;100;0;0;0;0;0;0;0;0;0;0;0;0;0;0;0;0;0;0;0
Óleo, de milho;196;100;884;0;0;3699.0;0;100;0;0;0;0;0;0;0;0;0;0;0;0;0;0;0;0;0;0;0
Óleo, de pequi;56;100;884;0;0;3699.0;0;100;0;0;0;0;0;0;0;0;0;0;0;0;0;0;0;0;0;0;0
Óleo, de soja;472;100;884;0;0;3699.0;0;100;0;0;0;0;0;0;0;0;0;0;0;0;0;0;0;0;0;0;0
