nome,id,Proteína,Carboidrato,Energia,Colesterol,Lipídeos,Fibra Alimentar,Vitamina C,Ferro,Cálcio,Sódio,Magnésio,Potássio,Manganês,Fósforo,Cobre,Zinco,Cinzas,Retinol,Tiamina,Riboflavina,Piridoxina,Niacina,RE,RAE,Umidade
"Carne, bovina, língua, cozida",0,100,21.40,0,315,105,24.80,0,0,2.10,6,59,12,175,0.01,136,0.08,4.10,0.70,0,0,0.08,0,1.83,0,0,53.4
"Carne, bovina, fígado, cru",1,100,20.70,1.10,141,393,5.40,0,0,5.60,4,76,12,265,0.26,334,9.01,3.50,1.50,7937,0.14,0.90,0,10.66,7937,7937,71.3
"Frango, sobrecoxa, com pele, crua",2,100,15.50,0,255.00,88,20.90,0,0,0.70,7.00,68,22,190,0.01,154,0.05,1.30,0.80,7.00,0.09,0.06,0,3.40,7.00,7.00,63.6
"Pão, trigo, forma, integral",3,100,9.40,49.90,253.00,0,3.70,6.90,0,3,132,506.00,60,163,1.62,193,0.15,1.60,2.30,0,0.08,0.04,0.15,0,0,0,34.7
"Batata, doce, cozida",4,100,0.60,18.40,77,0,0.10,2.20,23.80,0.20,17,3,11,148,0.14,15,0.06,0.10,0.40,0,0.08,0,0.05,2.57,0,0,80.4
"Quiabo, cru",5,100,1.90,6.40,30,0,0.30,4.60,5.60,0.40,112.00,1,50,249.00,0.46,56.00,0.17,0.60,0.80,0,0.10,0,0.03,0,49,49,90.6
"Graviola, crua",6,100,0.80,15.80,62,0,0.20,1.90,19.10,0.20,40,4,23,250,0.08,19,0.04,0.10,1,0,0.17,0.12,0.03,0,0,0,82.2
"Salmão, sem pele, fresco, cru",7,100,19.30,0,170,53,9.70,0,0,0.20,9,64,27,376,0,259,0.02,0.30,1.20,0,0.20,0.03,0,3.21,0,0,69.0
"Cajá, polpa, congelada",8,100,0.60,6.40,26,0,0.20,1.40,0,0.30,9,7.00,7.00,148,0.07,26,0.10,0.10,0.40,0,0.04,0,0,0,106,106,92.4
"Pão, de soja",9,100,11.30,56.50,309,0,3.60,5.70,0,3.30,90,663,48,296,0.57,153,0.16,1.50,2.50,0,0.07,0.04,0.79,0,0,0,26.0
"Polenta, pré-cozida",10,100,2.30,23.30,103,0,0.30,2.40,0,0,1,442,4,100,0,17,0.04,0.10,1.40,0,0.04,0,0,0,0,0,72.7
"Açaí, polpa, com xarope de guaraná e glucose",11,100,0.70,21.50,110.00,0,3.70,1.70,10.30,0.30,22,15,13,75,3.29,11,0.14,0.20,0.30,0,0,0,0.07,0,0,0,73.9
"Lasanha, massa fresca, cozida",12,100,5.80,32.50,164,0,1.20,1.60,0,1.20,10,207.00,4,54,0.20,42,0.07,0.40,0.90,0,0.04,0,0,3.96,0,0,59.6
"Arroz, tipo 1, cozido",13,100,2.50,28.10,128,0,0.20,1.60,0,0.10,4,1,2,15,0.30,18,0.02,0.50,0.10,0,0,0,0,0,0,0,69.1
"Queijo, ricota",14,100,12.60,3.80,140,49,8.10,0,0,0.10,253.00,283,12,112.00,0,162,0,0.50,1.90,53,0,0.15,0,0,0,0,73.6
"Cação, posta, crua",15,100,17.90,0,83,36,0.80,0,0,0.20,9,176,19,299,0.04,181,0.13,0.30,1.20,6,0.04,0,0,1.31,6,6,81.4
"Ovo, de galinha, inteiro, cru",16,100,13,1.60,143,356,8.90,0,0,1.60,42,168,13,150,0,164,0.06,1.10,0.80,79,0.07,0.58,0,0.75,0,0,75.6
"Pipoca, com óleo de soja, sem sal",17,100,9.90,70.30,448.00,0,15.90,14.30,0,1.20,3,4,91,256,0.65,225,0.46,2,1,0,0.03,0.03,0,0,0,0,2.8
"Feijão, fradinho, cru",18,100,20.20,61.20,339,0,2.40,23.60,0,5.10,78,10,178,1083,1.43,355,0.70,3.90,3.50,0,0.14,0.03,0.26,0,0,0,12.7
"Cuxá, molho",19,100,5.60,5.70,80,58.00,3.60,3,10.30,0.90,105,1344,34,124,0.23,111.00,0.17,0.60,4,0,0.04,0,0.03,1.10,33,33,81.0
"Ameixa, calda, enlatada",20,100,0.40,46.90,183,0,0,0.50,4.30,2.20,13,3,10,221,0.10,21,0.03,0.10,0.50,0,0,0.23,0.37,0,0,0,52.2
"Mamão, Formosa, cru",21,100,0.80,11.60,45,0,0.10,1.80,78.50,0.20,25,3,17,222.00,0.04,11,1.36,0.10,0.60,0,0.03,0.03,0,0,148,148,86.9
"Leite, de cabra",22,100,3.10,5.20,66,14.00,3.80,0,0,0.10,112.00,74,10,140,0,113.00,0.04,0.40,0.90,35,0,0.14,0,0,0,0,87.1
Glicose de milho,23,100,0,79.40,292,0,0,0,0,0.10,6,59,2,5,0,5,0,0,0.20,0,0,0,0,0,0,0,20.4
"Abobrinha, italiana, crua",24,100,1.10,4.30,19,0,0.10,1.40,6.90,0.20,15,0,20,253.00,0.09,32,0.05,0.20,0.60,0,0,0.06,0.03,0,41,41,93.9
"Frango, coração, cru",25,100,12.60,0,222.00,159,18.60,0,0,4.10,6,95,20,220.00,0.05,193,0.20,2,0.80,9,0.23,0.35,0,3.39,9,9,69.1
"Pimentão, verde, cru",26,100,1.10,4.90,21,0,0.20,2.60,100.20,0.40,9,0,8,174,0.14,17,0.07,0.10,0.40,0,0,0,0,0,46,46,93.5
"Maracujá, polpa, congelada",27,100,0.80,9.60,39,0,0.20,0.50,7.30,0.30,5,8,10,228.00,0.07,15,0.05,0.20,0.50,0,0,0.09,0.06,0,0,0,88.9
"Pastel, de queijo, cru",28,100,9.90,45.90,308,14.00,9.60,1.10,0,1,155,985,16,103,0.24,168,0.10,1,3.30,0,0.07,0.03,0,0,0,0,31.3
"Porco, bisteca, crua",29,100,21.50,0,164,56.00,8,0,0,0.50,6,54,24,335,0,195,0.07,1.40,1,0,0.90,0,0,2.65,0,0,67.7
"Catalonha, crua",30,100,1.90,4.80,24,0,0.30,2,7.30,3.10,57.00,9,17,412,0.34,32,0.27,0.50,1.30,0,0,0.03,0.36,1.54,0,0,91.8
"Rúcula, crua",31,100,1.80,2.20,13,0,0.10,1.70,46.30,0.90,117,9,18,233,0.24,25,0.04,0.20,1.10,0,0.04,0,0,0.35,533,533,94.8
"Feijão, rajado, cru",32,100,17.30,62.90,326,0,1.20,24,0,18.60,111.00,14.00,170,1135,1.17,335,0.84,2.60,3.70,0,0.07,0.03,0.07,0,0,0,15.0
"Queijo, petit suisse, morango",33,100,5.80,18.50,121,12,2.80,0,0,0.10,731,412,27,121,0.02,448.00,0.01,2.70,0.70,273,0.22,0.27,0.21,2.68,0,0,72.2
"Pitanga, polpa, congelada",34,100,0.30,4.80,19,0,0.10,0.70,0,0.40,8,5,6,87,0.05,12,0.06,0.10,0.30,0,0,0,0,0,146,146,94.6
"Pêra, Williams, crua",35,100,0.60,14.00,53,0,0.10,3,2.80,0.10,8,0,6,116.00,0.04,12,0.07,0.10,0.30,0,0,0,0,0,0,0,85.0
"Carne, bovina, filé mingnon, sem gordura, grelhado",36,100,32.80,0,220.00,103,8.80,0,0,2.90,4,58.00,28.00,326,0.02,308,0.14,4.10,1.30,0,0.03,0.08,0.05,4.27,0,0,57.0
"Mingau tradicional, pó",37,100,0.60,89.30,373,0,0.40,0.90,0,42,522,15,4,0,0,273,0,15.20,1.60,1533,3.41,0,3.11,19.39,0,0,8.1
"Biscoito, doce, maisena",38,100,8.10,75.20,443,0,12,2.10,6.20,1.80,54,352,37,142,0.78,166,0.17,1,1.50,0,1.01,0.42,0.23,3.91,0,0,3.2
"Seleta de legumes, enlatada",39,100,3.40,12.70,57.00,0,0.40,3.10,0,1.10,16,398,16,122,0.13,49,0.08,0.50,1.40,0,0.03,0,0,3.72,244,244,82.1
"Quibe, assado",40,100,14.60,12.90,136,34,2.70,1.90,0,2.20,16,40,36,288,0.76,174,0.51,4.10,0.90,0,0.04,0.04,0,1.81,0,0,69.0
"Alface, crespa, crua",41,100,1.30,1.70,11,0,0.20,1.80,15.60,0.40,38,3,11,267,0.20,26,0.03,0.30,0.70,0,0.11,0.12,0,1.09,234,234,96.1
Marmelada,42,100,0.40,70.80,257,0,0.10,4.10,0,0.70,11,11,6,83,0.06,20,0.09,0.10,0.20,0,0,0,0,0,0,0,28.5
"Repolho, roxo, refogado",43,100,1.80,7.60,42,0,1.20,1.80,40.50,0.50,43,3,17,321,0.26,59,0.02,0.30,0.70,0,0.07,0,0.07,0.63,0,0,88.7
"Carne, bovina, charque, cru",44,100,22.70,0,249.00,81,16.80,0,0,1.50,15,5875,13,236,0,122,0.03,3.90,14.50,0,0.12,0.07,0,1.63,0,0,44.5
"Carne, bovina, capa de contra-filé, com gordura, crua",45,100,19.20,0,217,63,15,0,0,1.50,6,58.00,17,267,0.01,144,0.06,3.50,0.90,4,0.09,0.09,0.12,1.55,4,4,64.8
"Porco, pernil, cru",46,100,20.10,0,186,59,11.10,0,0,0.90,13,102,23,256,0,192,0.16,1.70,1,0,1.06,0.06,0,5.67,0,0,67.1
"Carne, bovina, paleta, sem gordura, cozida",47,100,29.70,0,194,56.00,7.40,0,0,2.20,6,58.00,18,250,0,197,0.10,6.80,0.80,0,0.03,0.04,0,2.16,0,0,62.9
"Abobrinha, italiana, cozida",48,100,1.10,3,15,0,0.20,1.60,2.10,0.20,17,1,17,126,0.11,22,0.01,0.30,0.40,0,0.05,0,0.06,0,0,0,95.3
"Carne, bovina, contra-filé de costela, grelhado",49,100,29.90,0,275,98,16.30,0,0,2.80,4,51,24,383,0.01,252,0.08,6.70,1.20,0,0,0.19,0.17,2.75,0,0,52.2
"Margarina, com óleo interesterificado, com sal (65%de lipídeos)",50,100,0,0,594,0,67.20,0,0,0,5,561,1,15,0,6,0,0,1.20,385,0,0,0,0,0,0,32.0
"Ovo, de galinha, inteiro, frito",51,100,15.60,1.20,240,516,18.60,0,0,2.10,73,166,16,184,0.03,422,0.04,1.50,1.10,94,0.06,0.32,0,0,0,0,63.5
Tempero a base de sal,52,100,2.70,2.10,21,0,0.30,0.60,0,0,0,32560.00,0,0,0,0,0,0,87.30,0,0,0,0,0,0,0,7.7
"Pão, de queijo, assado",53,100,5.10,34.20,363,68,24.60,0.60,0,0.30,102,773,8,93,0.03,94,0.01,0.60,2.30,61,0.04,0.10,0.04,0,0,0,33.7
"Brócolis, cozido",54,100,2.10,4.40,25,0,0.50,3.40,42,0.50,51,2,15,119,0.12,33,0.08,0.20,0.40,0,0.04,0.03,0,0,0,0,92.6
Virado à paulista,55,100,10.20,14.10,307,66,25.60,2.20,0,1.10,41,346,22,237,0.15,135,0.07,1,1.50,10,0.14,0.05,0,2.60,0,0,48.6
"Óleo, de pequi",56,100,0,0,884,0,100,0,0,0,0,0,0,0,0,0,0,0,0,0,0,0,0,0,0,0,0
"Couve-flor, crua",57,100,1.90,4.50,23,0,0.20,2.40,36.10,0.50,18,3,12,256,0.16,57.00,0.03,0.30,0.60,0,0.03,0.09,0.10,0,2,2,92.8
"Carne, bovina, capa de contra-filé, sem gordura, crua",58,100,21.50,0,131,58.00,4.30,0,0,2,6,79,20,325,0,178,0.06,4.60,1,0,0,0.04,0,1.81,0,0,73.0
"Merluza, filé, cru",59,100,16.60,0,89,57.00,2,0,0,0.20,20,80,27,340,0.01,185,0,0.30,1.10,0,0,0,0,1.34,0,0,82.1
"Repolho, roxo, cru",60,100,1.90,7.20,31,0,0.10,2,43.20,0.50,44,2,18,328,0.25,58.00,0.90,0.30,0.70,0,0.07,0,0.09,0,0,0,90.1
"Canjica, branca, crua",61,100,7.20,78.10,358,0,1,5.50,0,0.30,2,1,12,93,0.09,48,0.05,0.40,0.20,0,0,0,0,0,0,0,13.6
"Carne, bovina, cupim, assado",62,100,28.60,0,330,91,23,0,0,2.70,8,72,18,321,0,212,0.08,5.30,1,0,0,0.08,0.14,2.16,0,0,48.4
"Farinha, de mesocarpo de babaçu, crua",63,100,1.40,79.20,329,0,0.20,17.90,0,18.30,61,12,39,362,0.38,26,0.22,0.30,3.40,0,0,0,0,2.58,0,0,15.8
"Alfavaca, crua",64,100,2.70,5.20,29.00,0,0.50,4.10,0,1.30,258,5,84,261,0.15,50,0.15,0.70,1.40,0,0,0.12,0.56,0,0,0,90.2
"Cuscuz, paulista",65,100,2.60,22.50,142,15,4.60,2.40,0,0.30,14.00,236,5,53,0.06,26,0.05,0.20,1.30,0,0,0,0,0.93,0,0,68.9
"Carne, bovina, cupim, cru",66,100,19.50,0,221,51,15.30,0,0,1.10,4,47,13,151,0,220.00,0.03,2.40,0.90,3,0.11,0.05,0.03,3.33,3,3,64.8
"Pé-de-moleque, amendoim",67,100,13.20,54.70,503,0,28.00,3.40,0,1.30,27,16,108,355,1.09,171,0.43,1.40,1.10,0,0.04,0.03,0.11,5.94,0,0,2.9
"Frango, fígado, cru",68,100,17.60,0,106,341,3.50,0,0,9.50,6,82,28.00,281,0.35,344,0.26,3.70,1.20,3863.00,0.62,0.56,0,6.36,3863.00,3863.00,77.8
"Cereais, milho, flocos, sem sal",69,100,6.90,80.40,363,0,1.20,1.80,0,1.70,2,31,17,29.00,0,58.00,0.24,0.30,0.30,0,0.05,0,0.04,0,0,0,11.2
"Jiló, cru",70,100,1.40,6.20,27,0,0.20,4.80,6.80,0.30,20,0,21,213,0.14,29.00,0.07,0.10,0.60,0,0.07,0.04,0,0,13,13,91.6
Quibebe,71,100,8.60,6.60,86,0,2.70,1.70,0,0.80,8,247.00,10,153,0.05,43,0.61,1.60,1,0,0,0.03,0.04,0,105,105,81.1
"Carne, bovina, fígado, grelhado",72,100,29.90,4.20,225,601,9,0,0,5.80,6,82,10,309,0.22,420,12.58,4,2,14574,0.21,2.69,0,11.92,14574,14574,55.0
"Farinha, láctea, de cereais",73,100,11.90,77.80,415.00,11,5.80,1.90,24.30,8.70,196,125,58.00,366,1.49,296,0.19,1.70,1.90,492,1.43,1.13,1.14,9.50,0,0,2.7
"Caju, suco concentrado, envasado",74,100,0.40,10.70,45,0,0.20,0.60,138.70,0.10,1,45,8,107,0.06,11,0.04,0.10,0.30,0,0,0.03,0,0,10,10,88.4
"Biscoito, doce, wafer, recheado de chocolate",75,100,5.60,67.50,502.00,0,24.70,1.80,0,2.40,23,137,48,240,0.44,124,0.26,0.90,1.10,0,0.37,0.03,0.30,1.12,0,0,1.2
"Frango, peito, sem pele, cozido",76,100,31.50,0,163,89,3.20,0,0,0.30,6,36,14.00,231,0,224.00,0.02,0.90,1,0,0.10,0,0,7.60,0,0,65.6
"Acelga, crua",77,100,1.40,4.60,21,0,0.10,1.10,22.60,0.30,43,1,10,240,0.11,40,0.10,0.30,0.60,0,0.04,0,0.16,0,0,0,93.2
"Noz, crua",78,100,14.00,18.40,620,0,59.40,7.20,0,2,105,5,153,533,4.05,396,0.75,2.10,2.10,0,0.38,0,0.13,1.08,0,0,6.2
"Polvilho, doce",79,100,0.40,86.80,351,0,0,0.20,0,0.50,27,2,4,38,0.09,8,0,0,0.20,0,0,0,0,0,0,0,12.6
"Pepino, cru",80,100,0.90,2,10,0,0,1.10,5,0.10,10,0,9,154,0.08,12,0.04,0.10,0.30,0,0,0.03,0,0,4,4,96.8
"Feijão, fradinho, cozido",81,100,5.10,13.50,78,0,0.60,7.50,0,1.10,17,1,38,253.00,0.53,85,0.10,1.10,0.80,0,0.12,0,0,0,0,0,80.0
"Abadejo, filé, congelado,cozido",82,100,19.30,0,91,87,0.90,0,0,0.30,17,189,16,146,0,351,0.03,0.40,0.90,0,0,0,0,0,0,0,79.7
"Pimentão, amarelo, cru",83,100,1.20,6,28.00,0,0.40,1.90,201.40,0.40,10,0,11,221,0.08,22,0.04,0.20,0.50,0,0.04,0.03,0.06,0,40,40,91.9
"Azeite, de dendê",84,100,0,0,884,0,100,0,0,0,0,0,0,0,0,0,0,0,0,0,0,0,0,0,0,0,0
"Carne, bovina, fraldinha, com gordura, cozida",85,100,24.20,0,338,65,26,0,0,2,3,39,14.00,207.00,0,161,0.07,6.50,0.70,0,0,0.05,0.07,1.61,0,0,49.7
"Carne, bovina, músculo, sem gordura, cru",86,100,21.60,0,142,51,5.50,0,0,1.90,4,66,17,296,0,162,0.05,3.70,1,2,0.09,0.19,0.04,2.79,2,2,72.4
"Arroz, integral, cru",87,100,7.30,77.50,360,0,1.90,4.80,0,0.90,8,2,110.00,173,2.99,251.00,0.07,1.40,1.20,0,0.26,0,0.18,4.18,0,0,12.2
"Cação, posta, com farinha de trigo, frita",88,100,25,3.10,208,75,10,0.50,0,1,30,160,26,420,0.06,462,0,0.60,1.40,17,0,0,0,0.77,17,17,60.6
"Batata, baroa, crua",89,100,1,24,101,0,0.20,2.10,7.60,0.30,17,0,12,505,0.07,45,0.05,0.20,1.10,0,0.05,0,0.12,0,25,25,73.7
"Cereal matinal, milho, açúcar",90,100,4.70,88.80,377,0,0.70,2.10,14.60,3.90,56.00,405,8,52,0.13,43,0.04,8.50,1.50,0,0.73,1.11,0.79,10.13,31,31,4.3
"Couve, manteiga, refogada",91,100,1.70,8.70,90,0,6.60,5.70,76.90,0.50,177,11,26,315,0.12,33,0.02,0.20,1.50,0,0,0.05,0.07,0,384,384,81.5
Tacacá,92,100,7.00,3.40,47,71,0.40,0.20,0,0.90,45,1349,30,240,0.12,89,0.22,0.80,4.10,0,0.05,0,0,0,35,35,85.2
"Carne, bovina, picanha, sem gordura, grelhada",93,100,31.90,0,238,100,11.30,0,0,3.60,4,61,25,377,0.02,282,0.17,6.70,1.20,0,0,0.08,0.03,1.82,0,0,54.6
"Maionese, tradicional com ovos",94,100,0.60,7.90,302,42,30.50,0,0,0.10,3,787,1,16,0,14.00,0,0.10,2.60,8,0,0.05,0,0,0,0,58.4
"Óleo, de canola",95,100,0,0,884,0,100,0,0,0,0,0,0,0,0,0,0,0,0,0,0,0,0,0,0,0,0
"Merluza, filé, assado",96,100,26.60,0,122,91,0.90,0,0,0.40,36,120,20,364,0.03,273,0.03,0.90,1.20,0,0.05,0,0,7.97,0,0,70.7
"Maracujá, cru",97,100,2,12.30,68,0,2.10,1.10,19.80,0.60,5,2,28.00,338,0.12,51,0.19,0.40,0.80,0,0,0.05,0.05,0,114.00,114.00,82.9
"Pescada, branca, frita",98,100,27.40,0,223,165,11.80,0,0,0.50,378,107,30,355,0.06,504,0.08,1.10,3.20,39,0.08,0.11,0,8.07,39,39,57.0
"Laranja, pêra, crua",99,100,1,8.90,37,0,0.10,0.80,53.70,0.10,22,0,9,163,0.05,23,0.03,0.10,0.30,0,0.07,0.02,0.02,0,1,1,89.6
"Feijão, roxo, cozido",100,100,5.70,12.90,77,0,0.50,11.50,0,1.40,23,1,34,268,0.32,106,0.22,1,0.80,0,0.15,0,0.03,0,0,0,80.0
"Baião de dois, arroz e feijão-de-corda",101,100,6.20,20.40,136,4,3.20,5.10,0,0.60,33,93,19,157,0.27,72,0.08,0.60,1.10,0,0.04,0,0.04,0,0,0,69.1
"Figo, enlatado, em calda",102,100,0.60,50.30,184,0,0.20,2,5.20,0.50,33,7.00,7.00,39,0.16,6,0.25,0.10,0.20,0,0,0,0,0,0,0,48.8
"Jabuticaba, crua",103,100,0.60,15.30,58.00,0,0.10,2.30,16.20,0.10,8,0,18,130,0.30,15,0.07,0.30,0.40,0,0.06,0,0,0,0,0,83.6
"Pintado, assado",104,100,36.50,0,192,126,4,0,0,0.80,114.00,81,42,527,0.08,332,0.04,2.10,2,7.00,0.03,0,0,6.63,7.00,7.00,57.0
"Pastel, massa, crua",105,100,6.90,57.40,310,0,5.50,1.40,0,1.10,13,1344,14.00,167,0.38,73,0.11,0.60,3.20,0,0.15,0,0,0,0,0,27.1
"Castanha-do-Brasil, crua",106,100,14.50,15.10,643,0,63.50,7.90,0,2.30,146,1,365,651,1.10,853.00,1.79,4.20,3.40,0,0.30,0,0.44,0,0,0,3.5
"Mandioca, frita",107,100,1.40,50.30,300,0,11.20,1.90,0,0.30,23,9,95,176,0.18,57.00,0.12,0.40,0.60,0,0.05,0,0.04,0,0,0,36.6
"Goiaba, vermelha, com casca, crua",108,100,1.10,13,54,0,0.40,6.20,80.60,0.20,4,0,7.00,198,0.09,15,0.04,0.10,0.50,0,0,0,0.03,0,38,38,85.0
"Morango, cru",109,100,0.90,6.80,30,0,0.30,1.70,63.60,0.30,11,0,10,184,0.33,22,0.06,0.20,0.50,0,0,0.03,0.03,0,0,0,91.5
"Porco, costela, assada",110,100,30.20,0,402.00,113.00,30.30,0,0,1,17,63,14.00,246,0,201.00,0.07,3.10,1.40,0,0.71,0.05,0,10.63,0,0,36.9
"Banana, doce em barra",111,100,2.20,75.70,280,0,0.10,3.80,0,0.60,12,10,49,518,0.84,37,0.16,0.30,1,0,0.03,0,0.06,1.41,27,27,21.1
"Pastel, de carne, frito",112,100,10.10,43.80,388,25,20.10,1,0,2.50,13,1040,14.00,156,0.22,90,0.12,1.20,3.10,0,0.06,0.05,0,1.83,0,0,22.9
"Farinha, de arroz, enriquecida",113,100,1.30,85.50,363,0,0.30,0.60,173.60,31.40,1,17,4,13,0.04,36,0,8.50,0.20,0,3.23,0,3.47,24.42,0,0,12.7
"Carne, bovina, lagarto, cru",114,100,20.50,0,135,56.00,5.20,0,0,1.30,3,54,20,362,0,185,0.05,2.40,1.10,2,0.10,0.14,0.03,2.19,2,2,71.0
"Guandu, cru",115,100,19,64,344,0,2.10,21.30,1.50,1.90,129,2,166,1215,1.02,269,0.57,2,3.50,0,1.06,0,0.07,2.69,0,0,11.4
"Biscoito, doce, recheado com chocolate",116,100,6.40,70.50,472,0,19.60,3,3.50,2.30,27,239,48,232.00,0.59,139,0.27,1,1.30,0,0.32,0.39,0.46,2.52,0,0,2.2
"Mexerica, Murcote, crua",117,100,0.90,14.90,58.00,0,0.10,3.10,21.80,0.10,33,1,12,159,0.05,19,0.06,0.10,0.50,0,0.08,0.07,0.05,0,0,0,83.7
"Frango, peito, sem pele, grelhado",118,100,32,0,159,89,2.50,0,0,0.30,5,50,18,387,0,295,0.02,0.80,1.40,0,0.11,0,0,24.83,0,0,63.8
"Frango, inteiro, sem pele, cozido",119,100,25,0,170,99,7.10,0,0,0.50,8,51,12,217,0,194,0.04,1.20,0.90,0,0.10,0,0,12.83,0,0,67.5
"Frango, sobrecoxa, sem pele, crua",120,100,17.60,0,162,84,9.60,0,0,0.90,6,80,26,241,0.02,187,0.06,1.70,0.90,4,0.12,0.06,0,4.06,4,4,72.7
"Queijo, minas, meia cura",121,100,21.20,3.60,321,76,24.60,0,0,0.20,696,501,27,120,0.02,403,0.07,2.70,3.50,111.00,0.03,0.32,0,0,0,0,47.1
"Refrigerante, tipo água tônica",122,100,0,8,31,0,0,0,0,0,1,8,0,2,0,0,0,0,0,0,0,0,0,0,0,0,92.0
"Salpicão, de frango",123,100,13.90,4.60,148,53,7.80,0.40,9.30,0.30,9,248,13,149,0.03,103,0.08,0.40,1.10,0,0.05,0,0,1.48,15,15,72.5
"Carne, bovina, peito, sem gordura, cru",124,100,17.60,0,259,59,20.40,0,0,1.30,4,64,15,241,0,124,0.06,2.60,0.90,4,0.11,0.07,0.03,3.91,4,4,61.5
"Corimbatá, assado",125,100,19.90,0,261,80,19.60,0,0,1,22,40,24,326,0.01,221,0.03,0.70,1,0,0.13,0.06,0,2.70,0,0,59.9
"Carne, bovina, contra-filé, com gordura, cru",126,100,21.20,0,206,73,12.80,0,0,1.30,4,44,18,285,0.01,164,0.04,2.80,0.90,4,0.11,0.08,0.03,3.79,4,4,65.7
Maria mole,127,100,3.80,73.60,301,0,0.20,0.70,0,0.40,13,15,7.00,24,0.06,4,0.20,0.10,0.90,0,0.04,0,0,0,0,0,21.6
Arroz carreteiro,128,100,10.80,11.60,154,36,7.10,1.50,0,1,13,1622,9,87,0.18,48,0.08,2.70,2.40,0,0.03,0,0.07,1.60,0,0,68.0
"Almeirão, refogado",129,100,1.70,5.70,65,0,4.80,3.40,1.50,1.60,63,15,17,315,0.28,31,0.06,0.20,1.20,0,0.03,0.06,0.05,4.03,0,0,86.5
"Creme de milho, pó",130,100,4.80,86.10,333,0,1.60,3.70,96.30,4.30,323,594,30,166,0.20,303,0.04,0.80,1.70,0,0.74,0,2.05,0,0,0,5.7
"Palmito, pupunha, em conserva",131,100,2.50,5.50,29.00,0,0.50,2.60,8.70,0.20,32,563,25,206,0.14,55.00,0.08,0.40,2.10,0,0.03,0,0,0,0,0,89.4
"Frango, coxa, com pele, crua",132,100,17.10,0,161,97,9.80,0,0,0.70,8,95,26,275,0.02,185,0.03,2,0.80,10,0.16,0.05,0,2.04,10,10,72.9
"Tomate, salada",133,100,0.80,5.10,21,0,0,2.30,12.80,0.30,7.00,5,10,161,0.04,23,0.07,0.20,0.40,0,0.06,0.04,0.05,0,0,0,93.6
"Pão, milho, forma",134,100,8.30,56.40,292,6,3.10,4.30,0,3,78,507,29.00,89,0.37,110.00,0.10,0.80,1.80,0,0.08,0,0.08,0,0,0,30.4
"Óleo, de girassol",135,100,0,0,884,0,100,0,0,0,0,0,0,0,0,0,0,0,0,0,0,0,0,0,0,0,0
Vaca atolada,136,100,5.10,10.10,145,19,9.30,2.30,0,0.70,63,26,16,220.00,0.04,72,0.12,1.20,0.50,0,0,0,0,0.77,0,0,75.0
"Pão, trigo, sovado",137,100,8.40,61.50,311,17,2.80,2.40,0,2.30,52,431.00,22,91,0.31,101,0,2.70,1.50,0,0.08,0.04,0.15,0,0,0,25.8
"Gelatina, sabores variados, pó",138,100,8.90,89.20,380,0,0,0,40,0.30,27,235,2,7.00,0.03,2,0,0,0.60,0,0,0,0,0,0,0,1.2
"Carne, bovina, capa de contra-filé, sem gordura, grelhada",139,100,35.10,0,239,80,10,0,0,2.80,9,83,26,385,0.01,287,0.12,7.60,1.30,0,0.03,0.08,0,1.86,0,0,53.7
"Alface, roxa, crua",140,100,0.90,2.50,13,0,0.20,2,13.50,2.50,34,7.00,9,308,0.12,51,0.04,0.20,0.70,0,0,0,0,0,312,312,95.7
"Caqui, chocolate, cru",141,100,0.40,19.30,71,0,0.10,6.50,29.60,0.10,18,2,9,164,0.39,18,0,0.20,0.50,0,0,0,0.03,0,0,0,79.7
"Empada, de frango, pré-cozida",142,100,7.30,35.50,377,23,22.90,2.20,0,0.70,14.00,771,17,156,0.25,78,0.09,0.50,2.20,0,0.11,0,0.03,0,0,0,32.0
"Cará, cozido",143,100,1.50,18.90,78,0,0.10,2.60,0,0.30,5,1,15,203.00,0.02,28.00,0.11,0.20,0.60,0,0.12,0,0.12,0,0,0,78.9
Cocada branca,144,100,1.10,81.40,449,0,13.60,3.60,0,1.20,7.00,29.00,17,183,0.36,396,0.20,0.40,0.50,0,0,0,0.16,0.47,0,0,3.4
"Abóbora, moranga, refogada",145,100,0.40,6,29.00,0,0.80,1.50,6.70,0.10,19,3,7.00,183,0.02,12,0.04,0.10,0.40,0,0.05,0,0.05,0,95,95,92.5
"Porco, pernil, assado",146,100,32.10,0,262,110.00,13.90,0,0,1.30,18,62,27,395,0.01,247.00,0.09,3.30,1.40,0,0.77,0.09,0,6.57,0,0,49.3
"Banana, figo, crua",147,100,1.10,27.80,105,0,0.10,2.80,17.50,0.20,6,0,30,387,0.21,16,0.06,0.10,0.80,0,0.09,0,0.03,0,0,0,70.1
"Carne, bovina, flanco, sem gordura, cru",148,100,20,0,141,50,6.20,0,0,1.60,3,54,18,324,0,167,0.05,4.50,1,2,0.11,0.16,0,3.28,2,2,72.1
"Carne, bovina, patinho, sem gordura, cru",149,100,21.70,0,133,56.00,4.50,0,0,1.80,3,49,20,318,0.01,170,0.05,4.50,1,2,0.11,0.08,0,3.61,2,2,72.9
"Abobrinha, paulista, crua",150,100,0.60,7.90,31,0,0.10,2.60,17.50,0.20,19,1,9,213,0.11,33,0.10,0.20,0.50,0,0,0,0.03,0,0,0,90.9
"Merluza, filé, frito",151,100,26.90,0,192,109.00,8.50,0,0,0.40,36,90,38,447,0.02,279,0.03,0.60,1.50,0,0.05,0,0,0.77,0,0,63.5
Dobradinha,152,100,19.80,0,125,144,4.40,0,0,1,11,29.00,8,58.00,0.11,57.00,0.06,2.70,0.30,0,0,0,0,4.27,0,0,75.3
"Frango, filé, à milanesa",153,100,28.50,7.50,221,84,7.80,1.10,0,1.10,9,122,35,408,0.06,249.00,0.05,0.80,1.30,7.00,0.05,0.04,0.52,11.07,7.00,7.00,54.9
"Mamão, Papaia, cru",154,100,0.50,10.40,40,0,0.10,1,82.20,0.20,22,2,22,126,0.01,11,0.02,0.10,0.40,0,0.03,0.04,0,1.03,118,118,88.6
"Tomate, molho industrializado",155,100,1.40,7.70,38,0,0.90,3.10,2.70,1.60,12,418,17,388,0.08,27,0.08,0.10,1.90,0,0,0,0.06,0,76,76,88.1
"Jaca, crua",156,100,1.40,22.50,88,0,0.30,2.40,14.80,0.40,11,2,40,234,0.48,14.00,0.09,0.20,0.80,0,0.10,0.04,0.05,0,0,0,75.1
"Leite, condensado",157,100,7.70,57.00,313,28.00,6.70,0,2.10,0.10,246,94,22,329,0,187,0.03,0.90,1.60,53,0.06,0.33,0.57,0,0,0,27.0
"Lambari, congelado, frito",158,100,28.40,0,327,246,22.80,0,0,0.80,1881.00,65,66,331,0.34,1067,0.31,5.60,6.20,9,0.25,0.03,0.04,8.93,9,9,40.1
"Coentro, folhas desidratadas",159,100,20.90,48,309,0,10.40,37.30,40.80,81.40,784,18,393,3223.00,10.48,388,4.09,4.70,10.20,0,0.10,0.11,0.09,0,0,0,10.6
"Pintado, cru",160,100,18.60,0,91,50,1.30,0,0,0.20,12,43,24,294,0.01,174,0.03,0.40,1.10,0,0,0,0,4.95,0,0,80.3
"Achocolatado, pó",161,100,4.20,91.20,401,0,2.20,3.90,0,5.40,44,65,77,496,0.55,200,0.56,1,1.40,796,1.38,1.02,1.52,4.99,0,0,1.1
"Atemóia, crua",162,100,1,25.30,97,0,0.30,2.10,10.10,0.20,23,1,25,300,0.16,23,0.17,0.20,0.70,0,0.09,0.07,0.07,1.58,0,0,72.7
"Carne, bovina, contra-filé de costela, cru",163,100,19.80,0,202,52,13.10,0,0,1.60,3,39,14.00,245.00,0,164,0.04,4.40,1,3,0.14,0.08,0,2.68,3,3,66.4
"Limão, tahiti, cru",164,100,0.90,11.10,32,0,0.10,1.20,38.20,0.20,51,1,10,128,0.07,24,0.06,0.20,0.40,0,0.30,0.04,0,0,0,0,87.4
"Mamão verde, doce em calda, drenado",165,100,0.30,57.60,209,0,0.10,1.20,0,0.20,12,5,5,9,0.04,3,0.02,0,0.10,0,0,0,0,0,0,0,41.9
"Carne, bovina, contra-filé, sem gordura, cru",166,100,24,0,157,59,6,0,0,1.70,4,53,21,335,0,184,0.05,3.20,1,0,0,0.20,0,4.64,0,0,69.1
"Couve-flor, cozida",167,100,1.20,3.90,19,0,0.30,2.10,23.70,0.10,16,2,5,80,0.10,25,0,0.30,0.30,0,0.04,0,0,0,0,0,94.3
"Pão, glúten, forma",168,100,12,44.10,253.00,0,2.70,2.50,0,5.70,156,22,24,65,0.51,105,0.06,1.30,0.50,0,0.04,0.03,0,0,0,0,40.7
"Mamão, doce em calda, drenado",169,100,0.20,54,196,0,0.10,1.30,3.90,0.10,20,3,6,68,0.02,4,0.02,0.10,0.20,0,0.03,0,0,0,0,0,45.5
"Tangerina, Poncã, crua",170,100,0.80,9.60,38,0,0.10,0.90,48.80,0.10,13,0,8,131,0.04,12,0.03,0,0.30,0,0.06,0.02,0.02,0,47,47,89.2
"Toucinho, cru",171,100,11.50,0,593,73,60.30,0,0,0.40,2,50,4,58.00,0,35,0.11,0.20,0.30,0,0,0,0,5.10,0,0,27.6
"Feijão, jalo, cozido",172,100,6.10,16.50,93,0,0.50,13.90,0,1.90,29.00,1,44,348,0.32,121,0.24,1,1,0,0.13,0,0.04,0,0,0,75.8
"Açaí, polpa, congelada",173,100,0.80,6.20,58.00,0,3.90,2.60,0,0.40,35,5,17,124,6.16,16,0.18,0.30,0.30,0,0,0.04,0.07,0,0,0,88.7
"Umbu, cru",174,100,0.80,9.40,37,0,0,2,24.10,0.10,12,0,11,152,0.03,13,0.04,0.40,0.50,0,0.05,0.06,0.03,0,0,0,89.3
"Cerveja, pilsen 2",175,100,0.60,3.30,41,0,0,0,0,0,5,4,7.00,29.00,0.01,19,0,0,0.10,0,0,0,0.14,2.92,0,0,92.4
"Chuchu, cozido",176,100,0.40,4.80,19,0,0,1,5.60,0.10,8,2,7.00,54,0.07,13,0,0.10,0.20,0,0.03,0,0,0,0,0,94.6
"Hambúrguer, bovino, frito",177,100,20,6.30,258,49,17,0,0,3,62,1252,60,660,0.52,324,0.17,3.20,4.20,0,0.13,0.06,0,2.73,0,0,52.5
"Sardinha, conserva em óleo",178,100,15.90,0,285,73,24,0,0,3.50,550,666,35,367,0.11,496,0.03,1.60,2.90,0,0.42,0.04,0,6.55,0,0,55.1
"Feijão, rajado, cozido",179,100,5.50,15.30,85,0,0.40,9.30,0,1.40,29.00,1,42,315,0.29,113.00,0.23,0.90,0.90,0,0.09,0,0.04,0,0,0,77.9
"Banana, prata, crua",180,100,1.30,26,98,0,0.10,2,21.60,0.40,8,0,26,358,0.42,22,0.05,0.10,0.80,0,0,0.02,0.10,0,32,32,71.9
"Pescada, filé, com farinha de trigo, frito",181,100,21.40,5,283,73,19.10,0,0,0.90,26,91,28.00,216,0.07,216,0.03,0.40,1.20,18,0,0.03,0,0.60,18,18,53.2
"Lingüiça, frango, grelhada",182,100,18.20,0,244,80,18.40,0,0,0.70,14.00,1351,21,356,0.10,228.00,0.09,1,3.80,0,0.12,0.04,0,5.97,0,0,58.6
"Ervilha, em vagem",183,100,7.50,14.20,88,0,0.50,9.70,12.40,1.40,24,0,42,311,0.40,152,0.20,1.20,1,0,0.27,0.07,0.06,1.16,0,0,76.8
"Catalonha, refogada",184,100,2,4.80,63,0,4.80,3.70,0,1.20,63,25,16,452.00,0.64,35,0.18,0.40,1,0,0.04,0,0.03,0.60,850,850,87.4
"Presunto, com capa de gordura",185,100,14.40,1.40,128,40,6.80,0,0,0.70,12,1021.00,17,295,0.04,274,0.04,1.30,3.50,0,0.62,0.03,0,3.78,0,0,73.9
"Carne, bovina, miolo de alcatra, sem gordura, grelhado",186,100,31.90,0,241,92,11.60,0,0,3.20,5,52,26,385,0.02,279,0.11,4.80,1.20,0,0.03,0.05,0.05,4.66,0,0,52.4
"Lentilha, crua",187,100,23.20,62,339,0,0.80,16.90,0,7.00,54,0,94,887.00,1.08,368,0.83,3.50,2.60,0,0.11,0,0.42,5.07,0,0,11.5
"Maçã, Fuji, com casca, crua",188,100,0.30,15.20,56.00,0,0,1.30,2.40,0.10,2,0,2,75,0.03,9,0.06,0,0.20,0,0,0,0.03,0,4,4,84.3
"Hambúrguer, bovino, cru",189,100,13.20,4.20,215,70,16.20,0,0,1.90,34,869,25,383,0.36,141,0.16,1.70,2.90,0,0.06,0.08,0.04,3.53,0,0,63.6
"Caldo de carne, tablete",190,100,7.80,15.10,241,0,16.60,0.60,0,0,129,22180,22,218.00,0.02,123,0,0,57.60,0,0.70,0.07,0.27,0,0,0,2.9
"Arroz, integral, cozido",191,100,2.60,25.80,124,0,1,2.70,0,0.30,5,1,59,75,0.63,106,0.02,0.70,0.50,0,0.08,0,0.08,0,0,0,70.1
"Bife à cavalo, com contra filé",192,100,23.70,0,291,257,21.10,0,0,2.10,26,83,19,272,0.02,216,0.06,3.20,1.10,37,0.05,0.10,0,2.92,0,0,54.2
"Chocolate, ao leite, com castanha do Pará",193,100,7.40,55.40,559,16,34.20,2.50,1.40,1.50,171,64,80,431.00,0.36,303,0.45,1.30,1.80,36,0.04,0.24,0,1.37,0,0,1.2
"Creme de arroz, pó",194,100,7.00,83.90,386,0,1.20,1.10,0,0.60,7.00,1,51,115.00,1.24,153,0.04,1.90,0.50,0,0.22,0,0.05,0,0,0,7.3
"Taioba, crua",195,100,2.90,5.40,34,0,0.90,4.50,17.90,1.90,141,1,38,290,0.66,53,0.16,0.60,1.50,0,0,0.10,0.10,0,1160,1160,89.2
"Óleo, de milho",196,100,0,0,884,0,100,0,0,0,0,0,0,0,0,0,0,0,0,0,0,0,0,0,0,0,0
"Pinha, crua",197,100,1.50,22.40,88,0,0.30,3.40,35.90,0.20,21,1,31,283,0.15,34,0.11,0.20,0.70,0,0.12,0.04,0.09,0,0,0,75.0
"Carne, bovina, coxão mole, sem gordura, cozido",198,100,32.40,0,219,84,8.90,0,0,2.60,4,44,13,239,0,183,0.11,4.70,1.20,2,0,0,0,4.09,2,2,58.0
"Carne, bovina, filé mingnon, sem gordura, cru",199,100,21.60,0,143,55.00,5.60,0,0,1.90,3,49,21,322,0.01,193,0.08,2.80,1.10,4,0.12,0.10,0.04,1.78,4,4,71.9
"Cacau, cru",200,100,1,19.40,74,0,0.10,2.20,13.60,0.30,12,1,25,72,0.04,9,0.15,0.60,0.30,0,0.25,0,0.04,0,0,0,79.2
"Frango, com açafrão",201,100,9.70,4.10,113.00,50,6.20,0.20,5.30,0.80,13,29.00,16,256,0.09,167,0.02,0.50,0.50,8,0.03,0,0,1.64,0,0,79.5
"Abóbora, cabotian, cozida",202,100,1.40,10.80,48,0,0.70,2.50,7.50,0.30,8,1,9,199,0.26,33,0.06,0.30,0.70,0,0.08,0,0.07,0,0,0,86.4
"Alface, lisa, crua",203,100,1.70,2.40,14.00,0,0.10,2.30,21.40,0.60,28.00,4,9,349,0.33,26,0.03,0.30,0.80,0,0.09,0.08,0.07,0.75,368,368,95.0
"Pão, de queijo, cru",204,100,3.60,38.50,295,63,14.00,1,0,0.30,88,405,7.00,58.00,0,79,0,0.40,2,48,0,0.08,0,0,0,0,41.8
"Laranja, pêra, suco",205,100,0.70,7.60,33,0,0.10,0,73.30,0,7.00,0,8,149,0.03,14.00,0.01,0,0.30,0,0,0,0,0,1,1,91.3
Acarajé,206,100,8.30,19.10,289,25,19.90,9.40,0,1.90,124,305,51,354,0.59,142,0.23,1.20,2.10,0,0.06,0,0,0,0,0,50.5
"Arroz, tipo 2, cozido",207,100,2.60,28.20,130,0,0.40,1.10,0,0.10,3,2,6,20,0.37,22,0.04,0.50,0.10,0,0,0,0,0,0,0,68.7
"Curau, milho verde, mistura para",208,100,2.20,79.80,402.00,0,13.40,2.50,0,0.90,31,223,9,55.00,0.05,45,0.03,0.20,0.70,0,0.13,0,0,0,0,0,3.9
"Farinha, de mandioca, crua",209,100,1.60,87.90,361,0,0.30,6.40,0,1.10,65,1,37,340,0,42,0.08,0.40,0.90,0,0.14,0,0.04,0,0,0,9.4
"Batata, inglesa, sauté",210,100,1.30,14.10,68,0,0.90,1.40,0,0.30,4,8,6,199,0.08,32,0.05,0.20,0.60,0,0.07,0,0.09,1.38,0,0,83.1
"Lingüiça, frango, frita",211,100,18.30,0,245.00,76,18.50,0,0,0.80,15,1374,29.00,364,0.10,262,0.04,1.20,3.80,0,0.11,0.05,0,5.67,0,0,59.6
"Cereal matinal, milho",212,100,7.20,83.80,365,0,1,4.10,17.30,3.10,143,655,11,83,0.06,101,0.06,7.60,2.50,0,0.76,1.02,2.25,11.04,31,31,5.5
"Almeirão, cru",213,100,1.80,3.30,18,0,0.20,2.60,1.70,0.70,19,2,21,369,0.17,40,0.10,0.30,1,0,0.10,0.18,0,0.63,566,566,93.7
"Cupuaçu, polpa, congelada",214,100,0.80,11.40,49,0,0.60,1.60,10.50,0.30,5,1,14.00,291,0.17,14.00,0.14,0.20,0.60,0,0.07,0.07,0.05,0,0,0,86.6
"Bolo, pronto, chocolate",215,100,6.20,54.70,410.00,77,18.50,1.40,0,2.10,75,283,28.00,212,0.38,197,0.05,0.70,1.30,0,0.13,0.09,0.05,0,0,0,19.3
"Pescada, filé, cru",216,100,16.70,0,107,65,4,0,0,0.20,14.00,77,23,253.00,0.01,141,0,0.30,0.90,48,0,0.05,0,3.10,48,48,79.5
"Frango, inteiro, sem pele, assado",217,100,28.00,0,187,111.00,7.50,0,0,0.60,9,70,14.00,283,0,233,0.03,1.60,1.20,0,0.09,0,0,11.20,0,0,63.2
"Repolho, branco, cru",218,100,0.90,3.90,17,0,0.10,1.90,18.70,0.20,35,4,9,150,0.13,14.00,0.02,0.20,0.40,0,0,0.03,0.06,0,6,6,94.7
"Carne, bovina, acém, sem gordura, cru",219,100,20.80,0,144,53,6.10,0,0,1.50,5,50,13,234,0,144,0.04,5.20,1,2,0.12,0.12,0,2.33,2,2,71.5
"Chicória, crua",220,100,1.10,2.90,14.00,0,0.10,2.20,6.50,0.50,45,14.00,14.00,425,0.13,13,0.04,0.10,0.80,0,0.03,0.10,0,0.68,0,0,95.1
"Manteiga, sem sal",221,100,0.40,0,758,214,86,0,0,0,4,4,1,5,0,7.00,0.04,0,0.10,1013.00,0,0,0,0,0,0,13.6
"Carne, bovina, língua, crua",222,100,17.10,0,215,118,15.80,0,0,1.70,5,73,15,251.00,0.02,164,0.09,2.90,0.80,0,0.05,0.04,0,1.18,0,0,65.0
"Limão, cravo, suco",223,100,0.30,5.20,14.00,0,0,0,32.80,0.10,10,0,9,120,0.03,11,0.03,0,0.20,0,0,0,0,0,31,31,94.2
"Toucinho, frito",224,100,27.30,0,697,89,64.30,0,0,0.90,9,125,9,171,0.01,95,0.10,0.80,0.70,0,0,0,0,5.03,0,0,6.3
"Chuchu, cru",225,100,0.70,4.10,17,0,0.10,1.30,10.60,0.20,12,0,7.00,126,0.08,18,0.03,0.10,0.30,0,0,0,0,0,0,0,94.8
"Salmão, sem pele, fresco, grelhado",226,100,26.10,0,243.00,73,14.50,0,0,0.40,15,96,38,518,0.01,352,0.04,0.50,1.60,0,0.23,0.03,0,6.30,0,0,58.1
"Capuccino, pó",227,100,11.30,73.60,417,29.00,8.60,2.40,0,2.30,467,382,71,886,0.17,358,0,1.10,3.80,52,0,1.41,0,0,0,0,2.6
Maniçoba,228,100,10,3.40,134,43,8.70,2.20,0,3.20,66,407,24,148,0.60,55.00,0.16,2,1.50,0,0.04,0.07,0.05,2.58,222.00,222.00,76.4
"Manjericão, cru",229,100,2,3.60,21,0,0.40,3.30,2.30,1,211,4,58.00,252,0.17,40,0.16,0.50,1,0,0.06,0.21,0.06,0.90,1035,1035,93.0
"Ovo, de codorna, inteiro, cru",230,100,13.70,0.80,177,568,12.70,0,0,3.30,79,129,11,79,0,279,0.04,2.10,1.20,305,0.11,0.12,0,0.97,0,0,71.7
"Goiaba, branca, com casca, crua",231,100,0.90,12.40,52,0,0.50,6.30,99.20,0.20,5,0,7.00,220.00,0.07,16,0.04,0.20,0.50,0,0,0,0.03,0,0,0,85.7
"Cação, posta, cozida",232,100,25.60,0,116.00,83,0.70,0,0,0.30,10,115.00,21,249.00,0,204,0.03,0.60,1.20,12,0,0.04,0,9.77,12,12,75.9
"Manjuba, com farinha de trigo, frita",233,100,23.50,10.20,344,282,22.60,0.40,0,3,763,37,47,319,0.36,578,0.15,3.80,2.40,30,0.05,0.07,0,0.79,30,30,41.3
"Uva, suco concentrado, envasado",234,100,0,14.70,58.00,0,0,0.20,21,0.10,9,10,7.00,54,0.20,10,0.13,0.10,0.20,0,0.07,0.02,0.05,0,0,0,85.1
"Carne, bovina, coxão mole, sem gordura, cru",235,100,21.20,0,169,84,8.70,0,0,1.90,3,61,21,335,0,175,0.05,2.60,1,3,0.12,0.19,0,2.32,3,3,68.6
"Frango, peito, com pele, cru",236,100,20.80,0,149,80,6.70,0,0,0.40,8,62,28.00,252,0.01,213,0.05,0.60,0.90,4,0.09,0,0,2.58,4,4,71.9
"Refrigerante, tipo cola",237,100,0,8.70,34,0,0,0,0,0,1,7.00,0,1,0,17,0,0,0.10,0,0,0,0,0,0,0,91.3
"Beterraba, crua",238,100,1.90,11.10,49,0,0.10,3.40,3.10,0.30,18,10,24,375,1.23,19,0.08,0.50,0.90,0,0.04,0,0.04,0,0,0,86.0
"Pequi, cru",239,100,2.30,13,205.00,0,18,19,8.30,0.30,32,0,30,298,0.64,34,0.21,1,0.80,0,0.17,0.48,0.06,2.57,60,60,65.9
"Azeite, de oliva, extra virgem",240,100,0,0,884,0,100,0,0,0,0,0,0,0,0,0,0,0,0,0,0,0,0,0,0,0,0
"Margarina, com óleo hidrogenado, sem sal (80% de lipídeos)",241,100,0,0,723,0,81.70,0,0,0.10,3,78,1,2,0,4,0,0,0.20,534,0,0,0,0,0,0,19.6
"Amendoim, torrado, salgado",242,100,22.50,18.70,606,0,54,7.80,0,1.30,39,376,159,496,1.70,261,0.68,2.10,3.20,0,0.08,0,0.21,7.47,0,0,1.7
"Frango, peito, sem pele, cru",243,100,21.50,0,119,59,3,0,0,0.40,7.00,56.00,31,267,0.01,222.00,0.03,0.70,1,2,0.10,0,0,5.86,2,2,74.8
"Batata, inglesa, crua",244,100,1.80,14.70,64,0,0,1.20,31.10,0.40,4,0,15,302,0.10,39,0.09,0.20,0.60,0,0.10,0,0.15,0,0,0,82.9
"Cajá-Manga, cru",245,100,1.30,11.40,46,0,0,2.60,26.70,0.20,13,1,11,119,0.05,24,0.02,0.20,0.40,0,0.11,0,0.05,0,0,0,86.9
"Nhoque, batata, cozido",246,100,5.90,36.80,181,15,1.90,1.80,0,1.60,11,7.00,18,164,0.30,68,0.10,0.50,0.50,15,0.08,0,0.04,0,0,0,55.0
"Feijão, roxo, cru",247,100,22.20,60,331,0,1.20,33.80,0,6.90,120,10,162,1221,1.34,394,1.04,3.30,4,0,0.26,0,0.08,0,0,0,12.6
"Arroz, tipo 1, cru",248,100,7.20,78.80,358,0,0.30,1.60,0,0.70,4,1,30,62,1.03,104,0.11,1.20,0.50,0,0.16,0,0.07,1.12,0,0,13.2
"Azeitona, preta, conserva",249,100,1.20,5.50,194,0,20.30,4.60,0,5.50,59,1567,5,79,0.06,16,0.25,0.30,4.50,0,0,0,0.04,0,0,0,68.5
"Espinafre, Nova Zelândia, cru",250,100,2,2.60,16,0,0.20,2.10,2.40,0.40,98,17,82,336,0.71,25,0.06,0.30,1.20,0,0.10,0.21,0.06,0,484,484,94.0
"Salada, de legumes, com maionese",251,100,1.10,8.90,96,7.00,7.00,2.20,0,0.20,12,228.00,9,141,0.10,22,0.04,0.20,0.90,0,0.04,0,0.04,0,283,283,82.0
"Croquete, de carne, frito",252,100,16.90,18.10,347,38,22.70,0,0,2.30,18,916,30,313,0.39,176,0.09,3.30,3.10,0,0.14,0.04,0,4.77,0,0,39.2
Yakisoba,253,100,7.50,18.30,113.00,0,2.60,1.10,0,0.60,14.00,794,13,159,0.15,83,0.06,0.70,2.20,0,0.16,0,0,2.09,62,62,69.4
"Carne, bovina, acém, moído, cru",254,100,19.40,0,137,58.00,5.90,0,0,1.80,3,49,14.00,237,0,158,0.08,6.30,0.90,2,0.15,0.21,0.03,4.33,2,2,72.7
"Cereais, milho, flocos, com sal",255,100,7.30,80.80,370,0,1.60,5.30,0,0.50,2,272,20,69,0,91,0,0.60,1,0,0.12,0,0.06,0,0,0,9.3
"Porco, rabo, salgado, cru",256,100,15.60,0,377,89,34.50,0,0,0.60,22,1158,4,24,0.01,42,0.05,1.40,3.50,0,0.20,0.06,0,1.43,0,0,43.8
"Pescadinha, crua",257,100,15.50,0,76,84,1.10,0,0,0.50,332,120,34,304,0.07,327,0.10,0.60,2,0,0.08,0,0,6.60,0,0,80.6
"Omelete, de queijo",258,100,15.60,0.40,268,384,22,0,0,1.40,166,216,14.00,127,0.03,314,0.03,1.40,1.50,59,0.03,0.24,0,0,0,0,60.5
"Azeitona, verde, conserva",259,100,0.90,4.10,137,0,14.20,3.80,0,0.20,46,1347,4,20,0.03,5,0.14,0.10,4.50,0,0,0,0,0,0,0,76.3
"Lingüiça, porco, frita",260,100,20.50,0,280,75,21.30,0,0,0.90,8,1432,18,409,0.01,211,0.06,3.10,3.90,0,0.41,0.07,0,5.83,0,0,54.6
"Pinhão, cozido",261,100,3,43.90,174,0,0.70,15.60,27.70,0.80,16,1,53,727,0.41,166,0.18,0.80,1.80,0,0,0,0,0,0,0,50.5
"Acerola, polpa, congelada",262,100,0.60,5.50,22,0,0,0.70,623.20,0.20,8,1,9,112.00,0.03,13,0.04,0.10,0.30,0,0,0.10,0,0,192,192,93.6
Feijoada,263,100,8.70,11.60,117,22,6.50,5.10,0,1.30,32,278,32,303,0.24,105,0.15,0.80,1.40,0,0.08,0.03,0,0.93,0,0,71.8
"Carne, bovina, maminha, crua",264,100,20.90,0,153,51,7.00,0,0,1.10,3,37,16,274,0,181,0.03,3.50,1,3,0.12,0.08,0.03,4.27,3,3,70.0
"Frango, coxa, sem pele, crua",265,100,17.80,0,120,91,4.90,0,0,0.80,8,98,27,291,0.02,196,0.03,2.20,0.90,12,0.17,0.05,0,3.53,12,12,76.4
"Abóbora, menina brasileira, crua",266,100,0.60,3.30,14.00,0,0,1.20,1.50,0.20,9,0,4,165,0.01,12,0.02,0,0.40,0,0.07,0,0.04,0,1108,1108,95.7
"Chá, preto, infusão 5%",267,100,0,0.60,2,0,0,0,0,0,0,0,1,13,0.09,2,0,0,0,0,3.11,0.48,0,0,0,0,99.4
"Limão, galego, suco",268,100,0.60,7.30,22,0,0.10,0,34.50,0.10,5,0,6,113.00,0.01,13,0.02,0.10,0.30,0,0,0,0.03,0,0,0,91.8
"Alface, americana, crua",269,100,0.60,1.70,9,0,0.10,1,11,0.30,14.00,7.00,6,136,0.12,19,0.02,0.20,0.30,0,0.03,0,0.04,0,0,0,97.2
"Pescada, branca, crua",270,100,16.30,0,111.00,51,4.60,0,0,0.20,16,76,19,261,0.01,136,0,0.30,0.90,3,0,0.04,0,0.60,3,3,79.6
"Farinha, de puba",271,100,1.60,87.30,360,0,0.50,4.20,0,1.40,41,4,27,338,0.16,33,0.07,0.30,0.80,0,0.09,0,0,0,0,0,9.8
"Alho-poró, cru",272,100,1.40,6.90,32,0,0.10,2.50,14.10,0.60,34,2,11,224.00,0.10,36,0.29,0.20,0.60,0,0.06,0,0.08,0.34,16,16,91.0
Melado,273,100,0,76.60,297,0,0,0,0,5.40,102,4,115.00,395,2.62,74,0.84,0.30,1.30,0,0,0.05,0.20,0,0,0,22.1
"Carne, bovina, peito, sem gordura, cozido",274,100,22.20,0,338,100,27,0,0,1.60,4,56.00,14.00,204,0,136,0.05,3.90,0.70,0,0,0.30,0,4.54,0,0,51.2
"Fruta-pão, crua",275,100,1.10,17.20,67,0,0.20,5.50,9.90,0.20,34,1,24,188,0.04,27,0.07,0.10,0.70,0,0.03,0,0,0,0,0,80.9
"Carne, bovina, seca, crua",276,100,19.70,0,313,92,25.40,0,0,1.30,14.00,4440,12,190,0.01,100,0,3.70,15.30,0,0,0.07,0,2.83,0,0,39.2
"Croquete, de carne, cru",277,100,12,13.90,246,30,15.60,0,0,2.50,15,711,24,221,0.34,144,0.10,2.70,2.50,0,0.11,0.04,0,1.95,0,0,56.0
"Caldo de galinha, tablete",278,100,6.30,10.60,251.00,2,20.40,11.80,0,0.70,16,22300,13,68,0.13,48,0,0.30,59.30,0,0.05,0.04,0,0,0,0,3.4
"Frango, sobrecoxa, sem pele, assada",279,100,29.20,0,233,145,12,0,0,1.20,12,106,17,382,0,281,0.07,2.20,1.50,11,0.10,0.05,0,10.20,11,11,55.6
"Carne, bovina, coxão duro, sem gordura, cozido",280,100,31.90,0,217,71,8.90,0,0,1.70,4,41,14.00,252,0,189,0.07,5,0.90,2,0,0,0,3.26,2,2,58.5
"Feijão, preto, cru",281,100,21.30,58.80,324,0,1.20,21.80,0,6.50,111.00,0,188,1416,1.32,471,0.83,2.90,3.80,0,0.12,0,0.59,4.60,0,0,14.9
"Laranja, valência, crua",282,100,0.80,11.70,46,0,0.20,1.70,47.80,0.10,34,1,14.00,158,0.06,20,0.04,0.10,0.40,0,0.07,0.04,0.03,0,0,0,86.9
"Tremoço, cru",283,100,33.60,43.80,381,0,10.30,32.30,25,2.80,177,3,121,708,0,265,0.79,4.20,2.60,0,0.24,0,0.07,0,0,0,9.7
"Nêspera, crua",284,100,0.30,11.50,43,0,0,3,3.20,0.10,20,0,10,113.00,0.07,10,0.12,0.10,0.40,0,0,0,0,0,170,170,87.8
"Banana, maçã, crua",285,100,1.80,22.30,87,0,0.10,2.60,10.50,0.20,3,0,24,264,0.60,29.00,0.11,0.10,0.60,0,0,0,0.14,0,6,6,75.2
"Ciriguela, crua",286,100,1.40,18.90,76,0,0.40,3.90,27,0.40,27,2,18,248,0.06,49,0.12,0.50,0.70,0,0.14,0,0,0,0,0,78.7
"Romã, crua",287,100,0.40,15.10,56.00,0,0,0.40,8.10,0.30,5,1,13,485.00,0.13,40,0.19,0.70,0.50,0,0.12,0.17,0.05,0,0,0,84.0
"Porco, lombo, cru",288,100,22.60,0,176,55.00,8.80,0,0,0.50,4,53,24,334,0,195,0.01,0.90,1,0,0.95,0,0,13.83,0,0,67.7
"Coco, água de",289,100,0,5.30,22,0,0,0.10,2.40,0,19,2,5,162,0.25,4,0,0,0.50,0,0.01,0,0,0,0,0,94.3
"Chocolate, ao leite",290,100,7.20,59.60,540,17,30.30,2.20,0,1.60,191,77,57.00,355,0.30,212,0.31,1.10,1.70,0,0.05,0.22,0.59,0.63,0,0,1.3
"Fermento, biológico, levedura, tablete",291,100,17,7.70,90,0,1.50,4.20,0,2.60,18,40,38,576,0.20,419.00,0.29,11,1.90,0,0.30,0.36,0,0,0,0,71.9
"Carne, bovina, bucho, cru",292,100,20.50,0,137,145,5.50,0,0,0.50,9,45,6,85,0.01,61,0.06,2.10,0.40,0,0,0,0,2.13,0,0,75.0
"Carne, bovina, maminha, grelhada",293,100,30.70,0,153,88,2.40,0,0,2.40,4,58.00,21,386,0,237,0.08,5.60,1.40,0,0,0.04,0.13,1.46,0,0,65.3
"Ovo, de galinha, clara, cozida/10minutos",294,100,13.40,0,59,0,0.10,0,0,0.10,6,181,11,146,0,15,0.03,0,0.70,0,0,0.08,0,0,0,0,85.2
"Inhame, cru",295,100,2.10,23.20,97,0,0.20,1.70,5.60,0.40,12,0,29.00,568,0.15,65,0.17,0.30,1.20,0,0.08,0,0.11,0,0,0,73.3
"Carne, bovina, charque, cozido",296,100,36.40,0,263,113.00,11.90,0,0,3.50,15,1443,13,90,0.02,101,0.07,6.10,3.60,0,0.05,0.07,0,1.50,0,0,45.8
"Espinafre, Nova Zelândia, refogado",297,100,2.70,4.20,67,0,5.40,2.50,5.30,0.60,112.00,47,123,149,0.61,34,0.04,0.60,1,0,0.08,0.13,0.13,0,624,624,86.6
"Laranja, lima, crua",298,100,1.10,11.50,46,0,0.10,1.80,43.50,0.10,31,1,10,130,0.05,15,0.03,0.10,0.40,0,0.09,0.05,0.04,0,0,0,87.0
"Canjica, com leite integral",299,100,2.40,23.60,112.00,1,1.20,1.20,0,0.10,43,28.00,6,70,0.02,41,0.03,0.30,0.30,0,0,0.04,0,0,0,0,72.5
"Salada, de legumes, cozida no vapor",300,100,2,7.10,35,0,0.30,2.50,29.40,0.40,33,3,19,244,0.24,45,0.17,0.30,0.60,0,0.05,0.03,0.03,0,510.00,510.00,90.0
"Pão, trigo, francês",301,100,8,58.60,300,0,3.10,2.30,0,1,16,648,25,142,0.46,95,0.13,0.80,1.80,3,0.39,0.67,0.60,2.34,0,0,28.5
"Biscoito, doce, recheado com morango",302,100,5.70,71,471,0,19.60,1.50,0,1.50,36,230.00,27,113.00,0.66,138,0.13,0.70,1,0,0.90,0.42,0.21,1.50,0,0,2.7
Estrogonofe de frango,303,100,17.60,2.60,157,80,8,0,0,1.50,26,99,25,307,0.03,195,0.12,0.60,1,28.00,0.07,0.04,0.03,3.37,0,0,70.9
"Biscoito, doce, wafer, recheado de morango",304,100,4.50,67.40,513,1,26.40,0.80,0,1.10,14.00,120,19,75,0.28,73,0.08,0.50,0.60,0,0.36,0,0.94,0.37,0,0,1.2
"Tomate, purê",305,100,1.40,6.90,28.00,0,0,1,5.40,1.30,13,104,15,308,0,30,0.09,0.30,1,0,0,0,0.07,1.18,90,90,90.8
"Salsa, crua",306,100,3.30,5.70,33,0,0.60,1.90,51.70,3.20,179,2,21,711,1.88,49,0.20,1.30,1.80,0,0.12,0.15,0.47,0.72,1743,1743,88.7
"Charuto, de repolho",307,100,6.80,10.10,78,21,1.10,1.50,4.80,0.90,23,12,13,184,0.22,68,1.45,1.80,0.40,0,0.03,0,0,0.32,0,0,81.5
"Tomate, extrato",308,100,2.40,15,61,0,0.20,2.80,18,2.10,29.00,498.00,29.00,680,0.18,47,0.20,0.40,2.80,0,0,0,0.11,2.42,166,166,79.7
"Leite, de coco",309,100,1,2.20,166,0,18.40,0.70,0,0.50,6,44,17,144,0.24,26,0.16,0.30,0.40,0,0,0,0,0,0,0,78.0
"Pastel, de queijo, frito",310,100,8.70,48.10,422,15,22.70,0.90,0,1.30,126,821.00,15,124,0.20,124,0.10,0.80,2.90,18,0.09,0.04,0,0,18,18,17.5
"Maçã, Argentina, com casca, crua",311,100,0.20,16.60,63,0,0.20,2,1.50,0.10,3,1,5,117,0.01,11,0.03,0,0.30,0,0.05,0,0,0,0,0,82.6
"Melancia, crua",312,100,0.90,8.10,33,0,0,0.10,6.10,0.20,8,0,10,104,0.14,12,0.04,0.10,0.30,0,0,0,0,0,61,61,90.7
"Pescada, filé, molho escabeche",313,100,11.80,5,142,43,8,0.80,6.90,1.50,20,51,18,208,0.08,105,0.36,0.30,0.70,19,0,0.03,0,1.10,0,0,74.5
"Queijo, prato",314,100,22.70,1.90,360,91,29.10,0,0,0.30,940,580,28.00,73,0.03,461.00,0.10,3.50,3.90,123,0,0.22,0,0,0,0,42.4
"Pitanga, crua",315,100,0.90,10.20,41,0,0.20,3.20,24.90,0.40,18,2,12,113.00,0.36,13,0.08,0.40,0.40,0,0.03,0.10,0,0,154,154,88.3
"Serralha, crua",316,100,2.70,4.90,30,0,0.70,3.50,1.50,1.30,126,19,30,265,0.23,48,0.20,1.30,1.40,0,0,0.11,0.08,0,1134,1134,90.2
"Chá, erva-doce, infusão 5%",317,100,0,0.40,1,0,0,0,0,0,2,1,1,10,0.01,1,0.01,0,0,0,1.23,0.23,0,0,0,0,99.6
"Pintado, grelhado",318,100,30.80,0,152,99,2.30,0,0,0.50,69,53,27,360,0.03,237,0.04,0.80,1.60,5,0.03,0,0,2.87,5,5,65.5
"Pamonha, barra para cozimento, pré-cozida",319,100,2.60,30.70,171,0,4.80,2.40,0,0.40,4,132,15,125,0.12,55.00,0.03,0.40,0.60,0,0,0,0,0,0,0,61.3
"Tamarindo, cru",320,100,3.20,72.50,276,0,0.50,6.40,7.20,0.60,37,0,59,723,0.34,55.00,0.29,0.70,1.90,0,0.31,0,0.10,0,0,0,22.0
"Laranja, valência, suco",321,100,0.50,8.60,36,0,0.10,0.40,0,0,9,0,10,143,0.03,17,0.02,0,0.30,0,0,0,0.03,0,2,2,90.5
"Goiaba, doce, cascão",322,100,0.40,78.70,286,0,0.10,4.40,34.30,0.40,15,11,10,251.00,0.16,28.00,0.08,0.10,0.50,0,0,0,0,1.41,50,50,20.3
"Carne, bovina, contra-filé, sem gordura, grelhado",323,100,35.90,0,194,102,4.50,0,0,2.40,5,58.00,21,386,0,241,0.09,5.10,1.30,0,0,0.17,0.16,4.93,0,0,57.5
"Peru, congelado, cru",324,100,18.10,0,94,68,1.80,0,0,0.90,10,711,19,281,0,217,0.36,1.40,2.50,0,0.06,0,0,4.23,0,0,78.2
"Carne, bovina, paleta, sem gordura, crua",325,100,21,0,141,42,5.70,0,0,1.90,4,66,18,319,0,163,0.05,3.30,1,3,0.13,0.21,0,2.67,3,3,72.1
"Laranja, baía, suco",326,100,0.70,8.70,37,0,0,0,94.50,0.10,6,0,8,173,0.02,22,0.02,0,0.40,0,0.03,0,0.02,0,4,4,90.2
"Peru, congelado, assado",327,100,26.20,0,163,91,5.70,0,0,0.60,14.00,628,12,175,0.02,197,0.03,1.20,2.20,0,0.06,0,0,6.23,0,0,65.3
"Coxinha de frango, frita",328,100,9.60,34.50,283,15,11.80,5,0,1.30,18,532,17,166,0.28,93,0.09,0.50,1.80,0,0.09,0,0,2.60,0,0,42.2
"Caruru, cru",329,100,3.20,6,34,0,0.60,4.50,5.40,4.50,455,14.00,197,279,0.89,77,0.37,6,2.60,0,0,0.10,0.11,0,1906.00,1906.00,87.6
"Pupunha, cozida",330,100,2.50,29.60,219,0,12.80,4.30,2.20,0.50,28.00,1,25,303,0.13,49,0.28,0.30,0.70,0,0,0.09,0.03,0,875,875,54.5
"Farinha, de mandioca, torrada",331,100,1.20,89.20,365,0,0.30,6.50,0,1.20,76,10,40,328,0.37,39,0,0.40,1,0,0,0,0.81,0,0,0,8.3
"Feijão, rosinha, cozido",332,100,4.50,11.80,68,0,0.50,4.80,0,1.20,19,2,43,241,0.46,90,0.09,1.30,0.60,0,0,0,0,3.69,0,0,82.6
"Ovo, de galinha, gema, cozida/10minutos",333,100,15.90,1.60,353,1272,30.80,0,0,2.90,114.00,45,9,87,0.06,386,0,2.90,1.70,148,0.18,0.22,0,0,0,0,50.0
"Carne, bovina, miolo de alcatra, sem gordura, cru",334,100,21.60,0,163,60,7.80,0,0,2,3,43,20,299,0.01,165,0.06,3,1,4,0.12,0.07,0,3.59,4,4,69.5
"Carambola, crua",335,100,0.90,11.50,46,0,0.20,2,60.90,0.20,5,4,7.00,133,0.13,11,0.08,0.20,0.40,0,0.12,0,0,0,0,0,87.1
"Bacalhau, salgado, cru",336,100,29.00,0,136,139,1.30,0,0,0.90,157,13585,49,434,0.03,186,0.09,0.70,22.50,0,0,0.21,0,0,0,0,47.9
"Abadejo, filé, congelado, grelhado",337,100,27.60,0,130,136,1.30,0,0,0.30,20,305,22,279,0,581,0,0.40,1.60,6,0.03,0,0,0.44,6,6,71.0
"Café, pó, torrado",338,100,14.70,65.80,419.00,0,11.90,51.20,0,8.10,107,1,165,1609,2.58,169,1.30,0.50,4.70,0,0,0,0,11.89,0,0,2.9
Camarão à baiana,339,100,7.90,3.20,101,117,6,0.40,4.10,1.40,43,85,15,139,0.11,244,0.07,0.50,0.90,0,0,0,0,0.31,0,0,82.0
"Fécula, de mandioca",340,100,0.50,81.10,331,0,0.30,0.60,0,0.10,12,2,3,48,0,60,0,0,0.30,0,0.03,0,0,0,0,0,17.8
"Carne, bovina, acém, sem gordura, cozido",341,100,27.30,0,215,107,10.90,0,0,2.40,7.00,56.00,14.00,254,0,164,0.07,8,0.80,0,0,0.04,0.07,1.63,0,0,60.4
"Laranja, lima, suco",342,100,0.70,9.20,39,0,0.10,0.40,41.30,0,8,0,11,129,0.02,16,0.02,0,0.30,0,0.10,0.03,0.04,0,0,0,89.7
"Brócolis, cru",343,100,3.60,4,25,0,0.30,2.90,34.30,0.60,86,3,30,322,0.26,78,0.06,0.50,0.80,0,0.12,0.18,0.08,1.39,279,279,91.2
"Acerola, crua",344,100,0.90,8,33,0,0.20,1.50,941.40,0.20,13,0,13,165,0.07,9,0.07,0.10,0.40,0,0,0.04,0,1.38,247.00,247.00,90.5
Barreado,345,100,18.30,0.20,165,60,9.50,0.10,0,2.40,15,48,21,295,0.05,169,0.17,4.80,0.80,0,0.03,0.04,0,2.09,0,0,71.2
"Lambari, congelado, cru",346,100,16.80,0,131,159,6.50,0,0,0.90,1181,48,45,244,0.28,696,0.09,3.30,3.60,4,0.05,0,0,3.30,4,4,71.9
"Rabanete, cru",347,100,1.40,2.70,14.00,0,0.10,2.20,9.60,0.40,21,11,10,328,0.07,25,0.02,0.20,0.70,0,0.06,0.02,0.04,0,0,0,95.1
"Mel, de abelha",348,100,0,84,309,0,0,0,0.70,0.30,10,6,6,99,0.38,4,0,0.20,0.10,0,0.11,0,0,0,0,0,15.8
"Carne, bovina, bucho, cozido",349,100,21.60,0,133,245.00,4.50,0,0,0.60,13,38,7.00,70,0.01,63,0.05,2.50,0.30,0,0,0,0,2.18,0,0,74.1
"Tucumã, cru",350,100,2.10,26.50,262,0,19.10,12.70,18,0.60,46,4,121,401,0.55,53,0.39,0.90,1.10,0,0.04,0,0.11,0,2363,2363,51.3
"Cenoura, cozida",351,100,0.80,6.70,30,0,0.20,2.60,0,0.10,26,8,14.00,176,0.05,27,0.02,0.20,0.60,0,0.07,0,0.06,2.68,612,612,91.7
"Leite, de vaca, desnatado, pó",352,100,34.70,53,362,25,0.90,0,0,0.90,1363,432,109.00,1556,0,1673,0.16,3.80,8.20,299,0.32,1.20,0,0.81,0,0,3.1
"Beterraba, cozida",353,100,1.30,7.20,32,0,0.10,1.90,1.20,0.20,15,23,17,245.00,0.19,30,0.04,0.40,0.80,0,0.09,0,0,0,0,0,90.6
"Carne, bovina, paleta, com gordura, crua",354,100,21.40,0,159,58.00,7.50,0,0,1.80,4,65,14.00,250,0,158,0.08,3.70,0.90,0,0,0.04,0.02,0.91,0,0,70.6
"Mostarda, folha, crua",355,100,2.10,3.20,18,0,0.20,1.90,38.60,1.10,68,3,16,364,0.14,58.00,0.05,0.30,1.10,0,0.05,0.04,0.05,0,0,0,93.4
Apresuntado,356,100,13.50,2.90,129,38,6.70,0,0,0.90,23,943,15,270,0.04,225,0.03,1.60,3.30,0,0.62,0.04,0,0.70,0,0,73.7
Tabule,357,100,2,10.60,57.00,0,1.20,2.10,16.20,0.60,19,1,18,188,0.37,35,0.12,0.60,0.40,0,0.03,0,0,0.60,0,0,85.8
"Batata, baroa, cozida",358,100,0.90,18.90,80,0,0.20,1.80,17.10,0.40,12,2,8,258,0.22,29.00,0.15,0.40,0.80,0,0.06,0,0,1.98,0,0,79.3
"Batata, doce, crua",359,100,1.30,28.20,118,0,0.10,2.60,16.50,0.40,21,9,17,340,0.18,36,0.11,0.20,0.90,0,0.06,0,0.10,0,0,0,69.5
"Jambo, cru",360,100,0.90,6.50,27,0,0.10,5.10,3.80,0.10,14.00,22,14.00,135,0.05,18,0.02,0.10,0.50,0,0.08,0,0,1.18,0,0,92.1
"Batata, inglesa, cozida",361,100,1.20,11.90,52,0,0,1.30,3.80,0.20,4,2,5,161,0.07,24,0.06,0.20,0.50,0,0.05,0,0.08,0,0,0,86.4
"Lingüiça, frango, crua",362,100,14.20,0,218.00,64,17.40,0,0,0.50,11,1126,19,280,0.05,182,0.05,0.70,3.30,0,0.11,0.05,0,4.60,0,0,64.8
"Abóbora, moranga, crua",363,100,1,2.70,12,0,0.10,1.70,9.60,0,3,0,2,125,0.01,8,0.05,0.10,0.40,0,0,0,0.06,0,278,278,95.9
"Queijo, pasteurizado",364,100,9.40,5.70,303,82,27.40,0,0,0.30,323,780,16,194,0.01,578,0.05,1.30,3.10,57.00,0,0.20,0,0,0,0,54.4
"Porco, costela, crua",365,100,18,0,256,69,19.80,0,0,0.90,15,88,18,248,0,159,0.05,2.30,0.90,0,0.62,0,0,8.27,0,0,61.2
"Pêssego, enlatado, em calda",366,100,0.70,16.90,63,0,0,1,0,0.60,4,3,4,95,0.03,9,0.04,0.10,0.20,0,0,0,0,0,48,48,82.2
"Carne, bovina, contra-filé, com gordura, grelhado",367,100,32.40,0,278,144,15.50,0,0,2.40,4,57.00,19,352,0,219,0.09,4.80,1.20,0,0,0.18,0.13,4.91,0,0,51.7
"Ameixa, crua",368,100,0.80,13.90,53,0,0,2.40,7.60,0.10,6,0,5,134,0.03,14.00,0.06,0.10,0.60,0,0.07,0,0.03,0,27,27,84.8
"Laranja, da terra, suco",369,100,0.70,9.60,41,0,0.10,1,44.30,0.10,13,0,10,145,0.02,15,0.02,0.10,0.40,0,0.04,0,0.04,0,4,4,89.2
"Frango, sobrecoxa, com pele, assada",370,100,28.70,0,260,158,15.20,0,0,1.20,11,96,15,323,0,252,0.06,2.20,1.30,8,0.10,0.05,0,11.20,8,8,55.0
"Tomate, com semente, cru",371,100,1.10,3.10,15,0,0.20,1.20,21.20,0.20,7.00,1,11,222.00,0.07,20,0.04,0.10,0.50,0,0.12,0,0.02,0,54,54,95.1
"Ervilha, enlatada, drenada",372,100,4.60,13.40,74,0,0.40,5.10,0,1.40,22,372,23,147,0.46,79,0.14,0.90,1.40,0,0.07,0.03,0,0,9,9,80.1
"Frango, inteiro, sem pele, cru",373,100,20.60,0,129,78,4.60,0,0,0.50,7.00,73,27,238,0.01,190,0.03,1.20,0.90,4,0.12,0.03,0,3.28,4,4,74.9
"Ovo, de galinha, inteiro, cozido/10minutos",374,100,13.30,0.60,146,397,9.50,0,0,1.50,49,146,11,139,0.02,184,0.04,1.20,0.80,32,0.08,0.30,0,0,0,0,75.8
"Couve, manteiga, crua",375,100,2.90,4.30,27,0,0.50,3.10,96.70,0.50,131,6,35,403,1.02,49,0.06,0.40,1.30,0,0.20,0.31,0.06,2.29,496,496,90.9
"Leite, fermentado",376,100,1.90,15.70,70,2,0.10,0,0.50,0,72,33,6,94,0.02,63,0.01,0.30,0.50,0,0.08,0.11,0,0,0,0,81.9
"Manga, polpa, congelada",377,100,0.40,12.50,48,0,0.20,1.10,24.90,0.10,7.00,7.00,9,131,0.12,9,0.06,0.10,0.40,0,0,0.07,0.03,0,0,0,86.5
Bolinho de arroz,378,100,8,41.70,274,70,8.30,2.70,0,2.10,24,59,13,96,0.42,87,0.13,0.90,0.50,0,0.08,0.05,0,0,0,0,41.5
"Carne, bovina, almôndegas, fritas",379,100,18.20,14.30,272,36,15.80,0,0,1.90,27,1030,48,536,0.41,244,0.19,2.60,3.70,0,0.13,0.07,0,6.60,0,0,48.1
"Doce, de leite, cremoso",380,100,5.50,59.50,306,20,6,0,0,0.10,195,120,16,259,0.01,141,0.02,0.50,1.50,36,0.05,0.26,0,0,36,36,27.5
"Lambari, fresco, cru",381,100,15.70,0,152,144,9.40,0,0,0.60,590,41,32,207.00,0.41,441,0.05,2.40,2.20,0,0,0.03,0.07,1.86,0,0,72.2
"Abadejo, filé, congelado, assado",382,100,23.50,0,112.00,103,1.20,0,0,0.50,23,334,20,156,0,338,0.03,0.50,1.60,0,0,0,0,0.44,0,0,74.3
"Cereais, mistura para vitamina, trigo, cevada e aveia",383,100,8.90,81.60,381,0,2.10,5,13.10,12.60,584,1163,72,244,2.28,515,0.21,2,3,0,0.76,0.88,1.49,7.46,0,0,4.4
"Café, infusão 10%",384,100,0.70,1.50,9,0,0.10,0,0,0,3,1,10,156,0.04,9,0.01,0,0.40,0,0,0,0,0,0,0,97.4
"Banana, nanica, crua",385,100,1.40,23.80,92,0,0.10,1.90,5.90,0.30,3,0,28.00,376,0.14,27,0.10,0.20,0.80,0,0,0.02,0.14,0,14.00,14.00,73.8
"Abobrinha, italiana, refogada",386,100,1.10,4.20,24,0,0.80,1.40,7.50,0.40,21,2,13,194,0.14,32,0.02,0.30,0.40,0,0.04,0,0,0,42,42,93.5
"Queijo, mozarela",387,100,22.60,3,330,80,25.20,0,0,0.30,875,581,24,62,0.03,470,0.08,3.50,3.80,109.00,0,0.20,0,0,0,0,45.3
"Lentilha, cozida",388,100,6.30,16.30,93,0,0.50,7.90,0,1.50,16,1,22,220.00,0.29,104,0.17,1.10,0.60,0,0.03,0,0,0,0,0,76.3
"Refrigerante, tipo laranja",389,100,0,11.80,46,0,0,0,0,0,2,9,1,16,0,1,0,0,0,0,0,0,0,0,0,0,88.2
"Cereais, mingau, milho, infantil",390,100,6.40,87.30,394,0,1.10,3.20,109.40,3,219,399,16,82,0.11,169,0.04,0.40,0.50,21,3.72,0.47,5.08,24.16,0,0,4.7
"Maracujá, suco concentrado, envasado",391,100,0.80,9.60,42,0,0.20,0.40,13.70,0.30,4,22,4,201.00,0.07,14.00,0.05,0.10,0.50,0,0,0.08,0.05,1.92,0,0,88.9
"Cuscuz, de milho, cozido com sal",392,100,2.20,25.30,113.00,0,0.70,2.10,0,0.20,2,248,3,11,0.02,23,0,0.20,0.70,0,0,0,0.06,0,0,0,71.1
"Iogurte, sabor pêssego",393,100,2.50,9.40,68,8,2.30,0.70,0,0.10,95,37,8,52,0,66,0.02,0.30,0.60,21,0.02,0.10,0,0.38,0,0,85.1
"Bacalhau, salgado, refogado",394,100,24,1.20,140,112.00,3.60,0,0,0.20,59,1256,15,50,0,51,0.04,0.60,5.30,0,0.03,0.05,0,5.17,0,0,65.9
"Laranja, da terra, crua",395,100,1.10,12.90,51,0,0.20,4,34.70,0.10,51,1,14.00,173,0.04,20,0.04,0.20,0.50,0,0.07,0.09,0.03,0,0,0,85.4
"Soja, queijo (tofu)",396,100,6.60,2.10,64,0,4,0.80,0,1.40,81,1,38,182,0.33,130,0.18,0.90,0.70,0,0.04,0,0.03,0,0,0,86.6
"Farinha, de rosca",397,100,11.40,75.80,371,0,1.50,4.80,0,6.70,35,333,57.00,212,1.62,195,0.26,1.70,1.60,0,0.25,0,0.09,0,0,0,9.8
"Manteiga, com sal",398,100,0.40,0.10,726,201.00,82.40,0,0,0.20,9,579,1,15,0,28.00,0,0,1.40,924,0,0,0,0,0,0,15.8
"Mandioca, farofa, temperada",399,100,2.10,80.30,406.00,0,9.10,7.80,0,1.40,66,575,34,201.00,0.29,45,0,0.20,2.10,0,0.10,0,0.15,0,0,0,6.4
"Macarrão, molho bolognesa",400,100,4.90,22.50,120,7.00,0.90,0.80,0,1.40,11,9,10,84,0.22,54,0.09,0.80,0.20,0,0.04,0,0,1.44,0,0,71.4
"Iogurte, natural, desnatado",401,100,3.80,5.80,41,3,0.30,0,0.30,0,157,60,12,182,0,110.00,0,0.50,0.90,0,0,0.22,0,0,0,0,89.2
"Biscoito, salgado, cream cracker",402,100,10.10,68.70,432,0,14.40,2.50,0,2.20,20,854.00,40,181,0.69,148,0.18,1.10,2.70,0,0.71,0.13,0.17,7.14,0,0,4.1
Estrogonofe de carne,403,100,15,3,173,66,10.80,0,0,2.70,28.00,123,22,322,0.03,186,0.14,2,1.10,28.00,0.06,0.05,0,3.25,0,0,70.1
"Nabo, cru",404,100,1.20,4.10,18,0,0.10,2.60,9.60,0.20,42,2,15,280,4.42,17,0.02,0.20,0.80,0,0.07,0,0.03,0,0,0,93.8
"Macaúba, crua",405,100,2.10,13.90,404,0,40.70,13.40,13.40,0.80,67,1,66,306,0.08,44,0.35,0.70,1.80,0,0.11,0.11,0.03,0,1020.00,1020.00,41.5
"Vagem, crua",406,100,1.80,5.30,25,0,0.20,2.40,1.20,0.40,41,0,18,208,0.50,28.00,0.06,0.30,0.50,0,0,0.08,0,0,32,32,92.2
"Jamelão, cru",407,100,0.50,10.60,41,0,0.10,1.80,27.10,0,3,1,2,394,0,4,0.03,0,1,0,0.17,0,0.12,0,8,8,87.7
"Iogurte, sabor morango",408,100,2.70,9.70,70,7.00,2.30,0.20,0,0,101,38,8,52,0,73,0.02,0.30,0.60,27,0.03,0.12,0.02,0,0,0,84.6
"Tapioca, com manteiga",409,100,0.10,63.60,348,31,10.90,0,0,0.20,30,158,3,19,0.06,8,0.01,0,0.50,75,0,0,0,0,0,0,24.9
"Soja, extrato solúvel, natural, fluido",410,100,2.40,4.30,39,0,1.60,0.40,0,0.40,17,57.00,15,121,0.15,53,0.08,0.30,0.50,0,0,0,0,0,0,0,91.3
"Carne, bovina, contra-filé, à milanesa",411,100,20.60,12.20,352,99,24,0.40,0,2.90,15,77,27,271,0.27,203.00,0.10,2.90,1.10,15,0.07,0.04,0,3.02,0,0,42.2
"Pescada, filé, frito",412,100,28.60,0,154,81,3.60,0,0,0.30,10,115.00,21,249.00,0,204,0.03,0.60,1.70,4,0.14,0,0,8.87,4,4,66.8
"Sardinha, frita",413,100,33.40,0,257,103,12.70,0,0,1.10,482,60,39,460.00,0.25,629,0.14,1.60,4.30,0,0.06,0,0,7.10,0,0,48.5
"Manga, Tommy Atkins, crua",414,100,0.90,12.80,51,0,0.20,2.10,7.90,0.10,8,0,7.00,138,0.34,14.00,0.06,0.10,0.30,0,0,0.04,0.03,0,118,118,85.8
"Carne, bovina, picanha, com gordura, crua",415,100,18.80,0,213,60,14.70,0,0,1.70,2,38,14.00,232.00,0,165,0.06,3.80,0.90,3,0.13,0.16,0,4.77,3,3,65.6
"Camarão, Rio Grande, grande, cru",416,100,10,0,47,124,0.50,0,0,0.70,51,201.00,27,72,0.04,234,0.11,0.70,0.80,20,0,0,0,0,20,20,89.1
"Quibe, cru",417,100,12.40,10.80,109.00,27,1.70,1.60,0,1.70,12,39,26,242,0.39,126,0.13,2.80,0.70,0,0.09,0.03,0,1.20,0,0,74.5
Feijão tropeiro mineiro,418,100,10.20,19.60,152,68,6.80,3.60,0,2.20,41,365,36,349,0.38,199,0.22,1.40,1.80,9,0,0,0,1.44,0,0,61.7
"Feijão, carioca, cozido",419,100,4.80,13.60,76,0,0.50,8.50,0,1.30,27,2,42,255.00,0.28,87,0.19,0.70,0.70,0,0.04,0,0,0,0,0,80.4
"Carne, bovina, seca, cozida",420,100,26.90,0,313,100,21.90,0,0,1.90,13,1943,12,86,0.02,82,0.03,7.70,4.70,0,0,0.06,0,2.32,0,0,47.2
"Figo, cru",421,100,1,10.20,41,0,0.20,1.80,0.80,0.20,27,0,11,174,0.06,15,0.13,0.10,0.40,0,0.05,0,0,0,0,0,88.2
"Milho, fubá, cru",422,100,7.20,78.90,353,0,1.90,4.70,0,0.90,3,0,41,168,0.34,108,0.08,1.10,0.60,0,0.25,0,0,0.75,26,26,11.5
Creme de Leite,423,100,1.50,4.50,221,66,22.50,0,0,0.30,83,52,8,119,0.01,118,0.02,0.30,0.60,128,0,0.10,0,0,0,0,70.9
"Goiaba, doce em pasta",424,100,0.60,74.10,269,0,0,3.70,23.10,0.40,10,4,6,165,0.11,54,0.06,0.10,0.50,0,0.07,0,0,0,136,136,24.8
"Bolo, pronto, milho",425,100,4.80,45.10,311,82,12.40,0.70,0,0.70,83,134,10,118,0.11,128,0.04,0.40,1,57.00,0.11,0.05,0,0,0,0,36.7
"Agrião, cru",426,100,2.70,2.30,17,0,0.20,2.10,60.10,3.10,133,7.00,18,218.00,0.28,51,0.10,0.70,0.90,0,0.11,0.23,0.09,1.19,458,458,93.9
"Corimba, cru",427,100,17.40,0,128,40,6,0,0,0.50,40,47,23,317,0.02,190,0.03,0.40,1,0,0,0,0,1.87,0,0,75.6
"Caranguejo, cozido",428,100,18.50,0,83,85,0.40,0,0,2.90,357,360,52,186,0.07,154,0.72,5.70,3.50,0,0.04,0.31,0,4.17,0,0,77.0
"Linhaça, semente",429,100,14.10,43.30,495,0,32.30,33.50,0,4.70,211,9,347,869,2.81,615,1.09,4.40,3.70,0,0.12,0,0.13,0,0,0,6.7
"Salmão, filé, com pele, fresco, grelhado",430,100,23.90,0,229,85,14.00,0,0,0.50,29.00,85,28.00,384,0.02,300,0.04,0.60,1.30,0,0.13,0.06,0,5.35,0,0,60.9
"Frango, coração, grelhado",431,100,22.40,0.60,207.00,280,12.10,0,0,6.50,8,128,20,243.00,0.06,276,0.30,3.40,1.30,0,0.20,0.19,0,9.70,0,0,63.5
"Quibe, frito",432,100,14.90,12.30,254,38,15.80,0,0,2,22,836,39,322,0.72,166,0.16,2.80,3,0,0.12,0.10,0,1.50,0,0,54.0
"Banana, pacova, crua",433,100,1.20,20.30,78,0,0.10,2,0,0.40,5,1,30,267,0.41,20,0.06,0.10,0.70,0,0.05,0.03,0.17,0,0,0,77.7
"Cupuaçu, cru",434,100,1.20,10.40,49,0,1,3.10,24.50,0.50,13,3,18,331,0.07,21,0.07,0.30,1.20,0,0.37,0.04,0.07,4.34,0,0,86.2
"Uva, Itália, crua",435,100,0.70,13.60,53,0,0.20,0.90,3.30,0.10,7.00,0,5,162,0.13,12,0.11,0,0.60,0,0,0,0.03,0,5,5,85.0
"Porco, bisteca, grelhada",436,100,28.90,0,280,82,17.40,0,0,0.90,34,51,25,366,0,229,0.06,2.30,1.20,0,0.77,0.14,0.03,1.92,0,0,51.8
"Abadejo, filé, congelado, cru",437,100,13.10,0,59,31,0.40,0,0,0.10,10,79,14.00,148,0.01,91,0.14,0.40,0.60,0,0.04,0,0,4.60,0,0,86.4
"Kiwi, cru",438,100,1.30,11.50,51,0,0.60,2.70,70.80,0.30,24,0,11,269,0.05,33,0.15,0.10,0.70,0,0,0,0.06,0,5,5,85.9
"Lasanha, massa fresca, crua",439,100,7.00,45.10,220.00,0,1.30,1.60,0,1.90,17,667,13,137,0.34,82,0.10,0.80,1.60,0,0.08,0,0,0,0,0,45.0
"Batata, inglesa, frita",440,100,5,35.60,267,0,13.10,8.10,16.30,0.40,6,2,14.00,489.00,0.15,70,0.10,0.40,2.20,0,0.17,0,0.10,2.51,0,0,44.1
"Cebolinha, crua",441,100,1.90,3.40,20,0,0.40,3.60,31.80,0.60,80,2,25,206,0.13,27,0.04,0.30,0.50,0,0.03,0.04,0.08,0,134,134,93.9
"Bolo, mistura para",442,100,6.20,84.70,419.00,0,6.10,1.70,0,1.20,59,463,28.00,75,0.46,333,0.15,0.60,2,0,0.18,0,1.50,1.52,0,0,1.0
"Carne, bovina, fraldinha, com gordura, crua",443,100,17.60,0,221,54,16.10,0,0,1.50,3,51,16,274,0,131,0.04,4.20,0.90,5,0.08,0.07,0.03,3.56,5,5,65.4
"Carne, bovina, coxão duro, sem gordura, cru",444,100,21.50,0,148,60,6.20,0,0,1.90,3,49,21,358,0,189,0.05,2.80,1.10,2,0.12,0.20,0,4.38,2,2,69.8
"Amêndoa, torrada, salgada",445,100,18.60,29.50,581,0,47.30,11.60,0,3.10,237,279,222.00,640,1.95,493,0.93,2.60,1.50,0,0.29,0.16,0,0,0,0,3.1
"Melão, cru",446,100,0.70,7.50,29.00,0,0,0.30,8.70,0.20,3,11,6,216,0.05,10,0.04,0.10,0.50,0,0,0,0.02,0,2,2,91.3
"Feijão, rosinha, cru",447,100,20.90,62.20,337,0,1.30,20.60,0,5.30,68,24,184,1109,1.08,394,0.60,4,3.60,0,0.16,0.03,0,3.92,0,0,12.0
"Mandioca, crua",448,100,1.10,36.20,151,0,0.30,1.90,16.50,0.30,15,2,44,208,0.05,29.00,0.07,0.20,0.60,0,0,0,0.04,0,0,0,61.8
"Castanha-de-caju, torrada, salgada",449,100,18.50,29.10,570,0,46.30,3.70,0,5.20,33,125,237,671,1.59,594,1.92,4.70,2.60,0,0.29,0.05,0.39,0,0,0,3.5
"Palmito, juçara, em conserva",450,100,1.80,4.30,23,0,0.40,3.20,2,0.30,58.00,514,34,244,10.82,40,0.23,0.70,2.10,0,0.06,0.04,0,0,0,0,91.4
"Feijão, broto, cru",451,100,4.20,7.80,39,0,0.10,2,12,0.80,14.00,2,25,189,0.19,75,0.17,0.60,0.50,0,0,0.04,0.15,0,0,0,87.5
"Sardinha, assada",452,100,32.20,0,164,109.00,3,0,0,1.30,438,74,51,574,0.24,578,0.14,1.80,4.40,0,0.06,0,0,5.83,0,0,60.1
"Carne, bovina, costela, assada",453,100,28.80,0,373,95,27.70,0,0,2.20,28.00,92,20,270,0,179,0.08,5.50,1,0,0,0.08,0.35,0.56,0,0,43.2
"Milho, verde, enlatado, drenado",454,100,3.20,17.10,98,0,2.40,4.60,1.70,0.60,2,260,20,162,0.09,61,0.05,0.50,1.10,0,0,0.05,0,3.74,48,48,76.2
"Chocolate, ao leite, dietético",455,100,6.90,56.30,557,13,33.80,2.80,2,3.30,188,85,67,458,0.41,276,0.43,1.10,1.30,7.00,0.31,0.25,0,0.79,0,0,1.7
"Milho, verde, cru",456,100,6.60,28.60,138,0,0.60,3.90,0,0.40,2,1,33,185,0.12,113.00,0.05,0.50,0.70,0,0.30,0,0.04,0,32,32,63.5
"Abacaxi, polpa, congelada",457,100,0.50,7.80,31,0,0.10,0.30,1.20,0.40,14.00,1,10,107,1.02,8,0.04,0.10,0.30,0,0.05,0,0,0,2,2,91.3
"Caju, polpa, congelada",458,100,0.50,9.40,37,0,0.20,0.80,119.70,0.10,1,4,7.00,88,0.05,10,0.07,0.10,0.20,0,0,0.02,0,2.25,22,22,89.8
"Arroz, tipo 2, cru",459,100,7.20,78.90,358,0,0.30,1.70,0,0.60,5,1,29.00,57.00,0.83,82,0.05,1.30,0.40,0,0.16,0,0.05,0.92,0,0,13.2
"Uva, Rubi, crua",460,100,0.60,12.70,49,0,0.20,0.90,1.90,0.20,8,8,6,159,0.07,23,0.05,0,0.50,0,0.02,0.02,0,0,0,0,86.1
"Torrada, pão francês",461,100,10.50,74.60,377,0,3.30,3.40,0,1.20,19,829.00,32,189,0.55,114.00,0.16,0.90,2.60,0,0.38,0,0,0,0,0,9.0
"Carne, bovina, acém, moído, cozido",462,100,26.70,0,212,103,10.90,0,0,2.70,4,52,17,256,0.01,164,0.06,8.10,0.80,0,0,0.32,0,1.76,0,0,61.6
"Macarrão, trigo, cru, com ovos",463,100,10.30,76.60,371,18,2,2.30,0,0.90,19,15,0,134,0.40,118,0.14,0.80,0.50,0,0.11,0.05,0.03,4.37,0,0,10.6
"Atum, conserva em óleo",464,100,26.20,0,166,53,6,0,0,1.20,7.00,362,29.00,280,0,211,0.04,0.60,1.50,0,0.15,0.03,0,3.17,0,0,64.5
"Hambúrguer, bovino, grelhado",465,100,13.20,11.30,210,59,12.40,0,0,2.60,56.00,1090,48,538,0.40,263,0.18,3,3.90,0,0.18,0.06,0,5.77,0,0,59.2
Salame,466,100,25.80,2.90,398,85,30.60,0,0,1.30,87,1574,30,548,0.03,354,0.05,3.20,5.90,0,0.88,0.23,0,12.49,0,0,34.7
"Frango, inteiro, com pele, cru",467,100,16.40,0,226.00,85,17.30,0,0,0.60,6,63,24,217,0.01,174,0.04,1.10,0.70,7.00,0.08,0.03,0,3.28,7.00,7.00,66.5
"Margarina, com óleo interesterificado, sem sal (65% de lipídeos)",468,100,0,0,593,0,67.10,0,0,0.10,5,33,1,5,0,7.00,0,0,0.10,245.00,0,0,0,0,0,0,33.4
"Berinjela, crua",469,100,1.20,4.40,20,0,0.10,2.90,3,0.20,9,0,13,205.00,0.10,20,0.06,0.10,0.40,0,0.04,0.05,0,0,24,24,93.8
"Pão, aveia, forma",470,100,12.40,59.60,343,0,5.70,6,0,4.70,109.00,606,57.00,210,1.08,182,0.14,1.70,2.50,0,0.09,0.03,0.08,0,0,0,19.9
"Fermento em pó, químico",471,100,0.50,43.90,90,0,0.10,0,0,0,0,10052,0,0,0,0,0,0,48.50,0,0,0,0,0,0,0,7.1
"Óleo, de soja",472,100,0,0,884,0,100,0,0,0,0,0,0,0,0,0,0,0,0,0,0,0,0,0,0,0,0
"Berinjela, cozida",473,100,0.70,4.50,19,0,0.10,2.50,0,0.20,11,1,9,105,0.11,15,0.04,0.10,0.30,0,0.04,0,0,0,0,0,94.4
"Aveia, flocos, crua",474,100,13.90,66.60,394,0,8.50,9.10,1.40,4.40,48,5,119,336,1.89,153,0.44,2.60,1.80,0,0.55,0.03,0,4.47,0,0,9.1
"Frango, asa, com pele, crua",475,100,18.10,0,213,113.00,15.10,0,0,0.60,11,96,23,211,0.01,155,0.02,1.20,0.70,10,0.11,0.04,0,2.58,10,10,67.5
"Frango, coxa, sem pele, cozida",476,100,26.90,0,167,133,5.80,0,0,0.80,12,64,11,191,0,187,0.03,2.80,0.90,0,0.07,0,0,8.20,0,0,66.7
"Gergelim, semente",477,100,21.20,21.60,584,0,50.40,11.90,0,5.40,825,3,361,546,2.67,741,1.51,5.20,2.90,0,0.94,0,0.13,5.92,0,0,3.9
"Corimbatá, cozido",478,100,20.10,0,239,75,16.90,0,0,0.60,65,37,23,254,0.02,185,0.05,1,0.80,0,0,0,0,2.09,0,0,64.6
"Corvina grande, assada",479,100,26.80,0,147,117,3.60,0,0,0.50,60,85,24,291,0.03,176,0.02,0.70,1.30,0,0.11,0.10,0,4.23,0,0,69.0
"Laranja, baía, crua",480,100,1,11.50,45,0,0.10,1.10,56.90,0.10,35,0,9,174,0.04,24,0.04,0.10,0.40,0,0.06,0.02,0,0,4,4,87.1
"Margarina, com óleo hidrogenado, com sal (65% de lipídeos)",481,100,0,0,596,0,67.40,0,0,0.10,6,894,1,21,0,7.00,0,0,1.90,462,0,0,0,0,0,0,32.2
"Carne, bovina, almôndegas, cruas",482,100,12.30,9.80,189,34,11.20,0,0,1.60,22,621,24,328,0.17,145,0.15,2.30,2.40,0,0.11,0.04,0,2.20,0,0,64.3
"Abóbora, cabotian, crua",483,100,1.70,8.40,39,0,0.50,2.20,5.10,0.40,18,0,9,351,0.11,26,0.06,0.30,0.80,0,0,0,0.10,0,446,446,88.5
"Bolo, pronto, coco",484,100,5.70,52.30,333,63,11.30,1.10,0,0.80,57.00,190,16,143,0.40,303,0.09,0.70,1.40,0,0.15,0.06,0,0,0,0,29.3
"Mandioca, cozida",485,100,0.60,30.10,125,0,0.30,1.60,11.10,0.10,19,1,27,100,0.06,22,0.01,0.20,0.40,0,0.06,0,0.03,0,0,0,68.7
"Frango, caipira, inteiro, sem pele, cozido",486,100,29.60,0,196,106,7.70,0,0,2.10,66,53,23,224.00,0.02,210,0.15,2.70,1.10,6,0.03,0.03,0,9.20,6,6,61.4
"Porco, bisteca, frita",487,100,33.70,0,311,126,18.50,0,0,0.80,69,63,29.00,404,0.01,290,0.07,2.20,1.60,10,0.34,0,0,3.25,10,10,47.3
"Abiu, cru",488,100,0.80,14.90,62,0,0.70,1.70,10.30,0.20,6,0,9,128,0.08,20,0.09,0.10,0.40,0,0,0.04,0.05,0,0,0,83.1
"Aipo, cru",489,100,0.80,4.30,19,0,0.10,1,5.90,0.70,65,10,9,274,0.18,28.00,0.31,0.10,1.10,0,0,0,0.18,0,916,916,93.8
"Carne, bovina, lagarto, cozido",490,100,32.90,0,222.00,56.00,9.10,0,0,1.90,4,48,13,254,0,167,0.05,7.00,0.90,3,0,0,0,2.55,3,3,57.6
"Carne, bovina, músculo, sem gordura, cozido",491,100,31.20,0,194,56.00,6.70,0,0,2.40,5,62,13,253.00,0,176,0.08,6.40,0.90,2,0,0,0,1.97,2,2,62.8
"Carne, bovina, flanco, sem gordura, cozido",492,100,29.40,0,196,62,7.80,0,0,2.80,4,42,14.00,249.00,0,181,0.07,5.60,0.90,2,0,0,0,2.32,2,2,62.0
Rapadura,493,100,1,90.80,352,0,0.10,0,0,4.40,30,22,47,459,1.66,21,0.17,0.60,1.10,0,0,0,0.04,0,0,0,7.1
"Farinha, de milho, amarela",494,100,7.20,79.10,351,0,1.50,5.50,0,2.30,1,45,31,58.00,0,84,0.27,0.60,0.50,0,0.25,0,0.25,0,18,18,11.8
"Lingüiça, porco, crua",495,100,16.10,0,227,53,17.60,0,0,0.40,6,1176,14.00,316,0.01,157,0.04,1.40,3.20,0,0.49,0.05,0,2.60,0,0,62.5
"Umbu, polpa, congelada",496,100,0.50,8.80,34,0,0.10,1.30,4,0.20,11,6,8,154,0.05,13,0.04,0.10,0.40,0,0,0.06,0,0,0,0,90.2
"Doce, de abóbora, cremoso",497,100,0.90,54.60,199,0,0.20,2.30,0.10,0.90,13,0,6,137,0.01,14.00,0,0,0.40,0,0.08,0,0.04,0,0,0,43.9
"Bebida isotônica, sabores variados",498,100,0,6.40,26,0,0,0,0,0.70,1,44,0,13,0,9,0,0,0.10,0,0,0,0,0,0,0,93.5
"Porco, orelha, salgada, crua",499,100,18.50,0,258,83,19.90,0,0,1.40,5,616,2,228.00,0.01,31,0.23,0.60,2,0,0.07,0.03,0,0,0,0,59.7
Shoyu,500,100,3.30,11.60,61,0,0.30,0,0,0.50,15,5024,24,165,0.07,47,0,0.20,14.10,0,0.83,0.06,0.15,2.10,0,0,70.6
"Carne, bovina, picanha, sem gordura, crua",501,100,21.30,0,134,75,4.70,0,0,2.10,3,61,20,322,0,183,0.08,4.20,1,0,0,0.05,0,1.89,0,0,72.4
"Chantilly, spray, com gordura vegetal",502,100,0.50,16.90,315,0,27.30,0,0,0,2,110.00,1,5,0,16,0.01,0.10,0.20,0,0.07,0,0,0,0,0,55.1
"Frango, coxa, com pele, assada",503,100,28.50,0.10,215,145,10.40,0,0,1.20,8,95,14.00,318,0,251.00,0.05,2.60,1.30,6,0.05,0.05,0,10.40,6,6,59.8
"Pastel, massa, frita",504,100,6,49.30,570,0,40.90,1.30,0,1.40,11,1175,13,143,0.36,62,0.08,0.50,2.80,0,0.16,0,0,0,0,0,1.0
"Carne, bovina, patinho, sem gordura, grelhado",505,100,35.90,0,219,126,7.30,0,0,3,5,60,27,421,0.02,289,0.12,8.10,1.30,0,0.04,0.03,0,3.01,0,0,55.2
"Farinha, de centeio, integral",506,100,12.50,73.30,336,0,1.80,15.50,0,4.70,34,41,120,334,3.86,340,0.56,2.70,1.70,0,0.29,0.03,0.08,0,0,0,10.8
"Tucupi, com pimenta-de-cheiro",507,100,2.10,4.70,27,0,0.30,0.20,46.40,1.10,28.00,5,42,391,0.52,31,0.12,0.90,1,0,0,0,0.05,0,51,51,91.9
"Feijão, carioca, cru",508,100,20,61.20,329,0,1.30,18.40,0,8,123,0,210,1352,1.02,385,0.79,2.90,3.50,0,0.17,0,0.65,4.02,0,0,14.0
"Manjuba, frita",509,100,30.10,0,349,270,24.50,0,0,0.90,575,41,32,318,0.21,735,0.14,3.20,4.20,12,0.03,0.03,0,7.27,12,12,40.7
"Porquinho, cru",510,100,20.50,0,93,49,0.60,0,0,0.40,26,67,24,313,0.05,207.00,0.04,0.70,1.30,5,0,0,0,1.19,5,5,79.2
"Queijo, requeijão, cremoso",511,100,9.60,2.40,257,74,23.40,0,0,0.10,259,558,12,93,0.02,448.00,0.05,1.30,2,195,0,0.19,0,0,0,0,62.5
"Cenoura, crua",512,100,1.30,7.70,34,0,0.20,3.20,5.10,0.20,23,3,11,315,0.05,28.00,0.05,0.20,0.90,0,0,0,0.05,0,1326,1326,90.1
"Farinha, de trigo",513,100,9.80,75.10,360,0,1.40,2.30,0,1,18,1,31,151,0.46,115.00,0.15,0.80,0.80,0,0.31,0,0,0.89,0,0,13.0
"Açúcar, mascavo",514,100,0.80,94.50,369,0,0.10,0,0,8.30,127,25,80,522,2.03,38,0.17,0.50,1.40,0,0,0.03,0,0,0,0,3.3
"Soja, extrato solúvel, pó",515,100,35.70,28.50,459,0,26.20,7.30,9.20,7.00,359,83,216,1607,2.68,647,1.19,5.80,5.20,0,0,0.11,0.35,0,0,0,4.5
"Leite, de vaca, achocolatado",516,100,2.10,14.20,83,6,2.20,0.60,3.30,0.50,70,72,13,155,0.05,71,0.04,0.30,0.70,39,0.07,0.29,0.14,1.23,0,0,80.9
"Batata, frita, tipo chips, industrializada",517,100,5.60,51.20,543,0,36.60,2.50,0,0.70,12,607,24,1014,0.23,96,0.12,0.60,3.90,0,0.20,0,0.13,2.61,0,0,2.7
"Iogurte, natural",518,100,4.10,1.90,51,14.00,3,0,0.90,0,143,52,11,71,0,119,0.02,0.40,0.90,23,0.04,0.22,0,0,0,0,90.0
"Banana, ouro, crua",519,100,1.50,29.30,112.00,0,0.20,2,7.60,0.30,3,0,28.00,355,0.09,22,0.08,0.30,0.80,0,0,0,0.14,0,50,50,68.2
Vatapá,520,100,6,9.70,255.00,44,23.20,1.70,0,1.40,47,880.00,39,209,0.48,108,0.28,0.90,2.70,0,0,0,0,1.80,0,0,58.4
"Mexerica, Rio, crua",521,100,0.70,9.30,37,0,0.10,2.70,112.00,0.10,17,2,8,125,0.05,14.00,0.07,0.20,0.30,0,0.03,0,0,0,0,0,89.6
"Macarrão, trigo, cru",522,100,10,77.90,371,0,1.30,2.90,0,0.90,17,7.00,28.00,147,0.53,100,0.15,0.80,0.50,0,0.18,0.02,0,3.57,0,0,10.2
"Soja, farinha",523,100,36,38.40,404,0,14.60,20.20,0,13.10,206,6,242,1922,2.87,539,1.29,4.50,5.10,0,0.20,0.04,0.03,0,0,0,5.8
"Atum, fresco, cru",524,100,25.70,0,118,48,0.90,0,0,1.30,7.00,30,32,308,0,254,0.09,0.40,1.30,20,0,0.04,0,5.94,20,20,73.1
"Cará, cru",525,100,2.30,23,96,0,0.10,7.30,8.80,0.20,4,0,11,212,0.01,35,0.06,0.20,0.90,0,0.11,0,0.02,0,0,0,73.7
"Óleo, de babaçu",526,100,0,0,884,0,100,0,0,0,0,0,0,0,0,0,0,0,0,0,0,0,0,0,0,0,0
"Feijão, jalo, cru",527,100,20.10,61.50,328,0,0.90,30.30,0,7.00,98,25,170,1276,0.99,427.00,0.95,3,3.90,0,0.10,0,0.12,0,0,0,13.5
"Pêra, Park, crua",528,100,0.20,16.10,61,0,0.20,3,2.40,0.30,9,1,6,102,0.04,12,0.08,0.10,0.30,0,0.06,0,0,0,0,0,83.2
"Empada de frango, pré-cozida, assada",529,100,6.90,47.50,358,23,15.60,2.20,0,1.20,16,525,18,138,0.32,78,0.07,0.60,1.80,0,0.12,0,0,0,0,0,28.2
"Tucunaré, filé, congelado, cru",530,100,18,0,88,47,1.20,0,0,0.30,19,57.00,26,288,0.01,168,0.10,0.40,1,0,0,0.05,0,0.90,0,0,79.9
"Camarão, Rio Grande, grande, cozido",531,100,19,0,90,241,1,0,0,1.30,90,367,19,102,0.06,266,0.17,1.20,1.70,0,0,0,0,1.07,0,0,78.7
"Pêssego, Aurora, cru",532,100,0.80,9.30,36,0,0,1.40,3.30,0.20,3,0,4,124,0.05,15,0.02,0.10,0.50,0,0.05,0,0,0,0,0,89.3
"Camarão, Sete Barbas, sem cabeça, com casca, frito",533,100,18.40,2.90,231,283,15.60,0,0,2.40,960,99,74,107,0.38,337,0.19,1.10,2.10,0,0.05,0,0,0.35,0,0,61.0
"Graviola, polpa, congelada",534,100,0.60,9.80,38,0,0.10,1.20,10.50,0.10,6,3,10,170,0.06,17,0.06,0.10,0.40,0,0,0.09,0,0,0,0,89.2
"Queijo, parmesão",535,100,35.60,1.70,453,106,33.50,0,0,0.50,992,1844.00,33,96,0.05,745,0.17,4.40,8,66,0,0.44,0.23,0,0,0,21.2
"Abacate, cru",536,100,1.20,6,96,0,8.40,6.30,0,0,8,0,15,0,0,0,0,0,0.50,0,0,0,0,0,0,0,83.8
"Carne, bovina, picanha, com gordura, grelhada",537,100,26.40,0,289,92,19.50,0,0,3.20,4,60,24,355,0,246,0.14,5.50,1.10,0,0.03,0.06,0.13,1.60,0,0,53.4
"Macarrão, instantâneo",538,100,8.80,62.40,436.00,0,17.20,5.60,0,0.80,18,1516,19,148,0.25,112.00,0.10,0.50,5.60,0,1.18,0.04,0.53,9.37,0,0,6.0
"Jurubeba, crua",539,100,4.40,23.10,126,0,3.90,23.90,13.80,0.90,151,1,65,619,0.52,155,1.16,0.60,2,0,0.13,0.02,0.20,0,0,0,66.6
"Cana, caldo de",540,100,0,18.20,65,0,0,0.10,2.80,0.80,9,0,12,18,0.21,5,0.01,0.10,0.10,0,0,0,0.03,0,0,0,81.7
"Manga, Palmer, crua",541,100,0.40,19.40,72,0,0.20,1.60,65.50,0.10,12,2,9,157,0.05,14.00,0.09,0.10,0.30,0,0.09,0.03,0,0,787,787,79.7
"Feijão, preto, cozido",542,100,4.50,14.00,77,0,0.50,8.40,0,1.50,29.00,2,40,256,0.37,88,0.20,0.70,0.80,0,0.06,0,0.03,0,0,0,80.2
"Pimentão, vermelho, cru",543,100,1,5.50,23,0,0.10,1.60,158.20,0.30,6,0,11,211,0.06,20,0.04,0.20,0.40,0,0.05,0.06,0.02,0,96,96,92.9
"Curau, milho verde",544,100,2.40,13.90,78,5,1.60,0.50,0,0.40,53,21,16,162,0.06,75,0.03,0.40,0.50,12,0.04,0.07,0,0,20,20,81.6
"Queijo, minas, frescal",545,100,17.40,3.20,264,62,20.20,0,0,0.90,579,31,7.00,105,0.02,123,0,0.30,3,161,0,0.25,0,0,0,0,56.1
"Maxixe, cru",546,100,1.40,2.70,14.00,0,0.10,2.20,9.60,0.40,21,11,10,328,0.07,25,0.02,0.20,0.70,0,0.06,0.02,0.04,0,6,6,95.1
"Caju, cru",547,100,1,10.30,43,0,0.30,1.70,219.30,0.20,1,3,10,124,0.12,16,0.07,0.10,0.30,0,0,0,0,0,15,15,88.1
"Frango, caipira, inteiro, com pele, cozido",548,100,23.90,0,243.00,110.00,15.60,0,0,1.70,17,56.00,18,210,0.01,162,0.08,1.70,0.80,16,0.03,0,0,6.33,16,16,59.7
"Porco, lombo, assado",549,100,35.70,0,210,103,6.40,0,0,0.50,20,39,18,311,0,238,0.03,1.80,1.40,0,0.75,0.07,0.11,12.43,0,0,56.6
"Alho, cru",550,100,7.00,23.90,113.00,0,0.20,4.30,0,0.80,14.00,5,21,535,0.24,149,0.15,0.80,1.30,0,0.18,0,0.44,0,0,0,67.5
"Paçoca, amendoim",551,100,16,52.40,487,0,26.10,7.30,0,1.10,22,167,101,348,1.06,198,0.38,1.60,3.80,0,0,0,1.20,0,0,0,1.8
"Milho, amido, cru",552,100,0.60,87.10,361,0,0,0.70,0,0.10,1,8,3,9,0.02,13,0.02,0.10,0.10,0,0,0,0,0,0,0,12.2
"Manga, Haden, crua",553,100,0.40,16.70,64,0,0.30,1.60,17.40,0.10,12,1,8,148,0.17,9,0.10,0.10,0.40,0,0.02,0.06,0.05,0,162,162,82.3
"Presunto, sem capa de gordura",554,100,14.30,2.10,94,36,2.70,0,0,0.80,23,1039,18,307,0.04,244,0.04,1.50,3.70,0,0.50,0.03,0,4,0,0,77.2
"Lingüiça, porco, grelhada",555,100,23.20,0,296,82,21.90,0,0,1,8,1456,19,427.00,0.01,210,0.07,3.50,4,0,0.40,0.07,0,6.60,0,0,50.5
"Maria mole, coco queimado",556,100,3.90,75.10,307,0,0.10,0.60,0,0.50,19,14.00,6,36,0.09,5,0.03,0.10,0.20,0,0.04,0,0,0,0,0,20.7
"Grão-de-bico, cru",557,100,21.20,57.90,355,0,5.40,12.40,0,5.40,114.00,5,146,1116,3.16,342,0.67,3.20,3.20,0,0.52,0,0.75,0,0,0,12.3
"Pastel, de carne, cru",558,100,10.70,42,289,18,8.80,1,0,2,17,1309,18,166,0.34,117,0.11,1.70,4.10,0,0.06,0.03,0,1.58,0,0,34.4
"Frango, peito, com pele, assado",559,100,33.40,0,212,109.00,7.60,0,0,0.50,8,56.00,18,380,0.01,297,0.01,1,1.50,6,0.12,0,0,15.80,6,6,58.5
"Dourada de água doce, fresca",560,100,18.80,0,131,52,5.60,0,0,0.20,12,40,26,393,0.01,189,0.02,0.50,1.10,0,0,0,0,3.70,0,0,76.2
"Carne, bovina, capa de contra-filé, com gordura, grelhada",561,100,30.70,0,312,120,20,0,0,2.60,7.00,81,18,323,0,214,0.13,6.20,1.10,0,0,0.06,0,1.74,0,0,47.9
"Cebola, crua",562,100,1.70,8.90,39,0,0.10,2.20,4.70,0.20,14.00,1,12,176,0.13,38,0.05,0.20,0.40,0,0.04,0,0.14,0,0,0,88.9
"Abobora, pescoço, crua",563,100,0.70,6.10,24,0,0.10,2.30,2.10,0.30,9,1,7.00,264,0.07,32,0.09,0.20,0.60,0,0,0,0.06,0,0,0,92.5
"Tangerina, Poncã, suco",564,100,0.50,8.80,36,0,0,0,41.80,0,4,0,6,119,0.02,9,0.02,0,0.30,0,0.06,0,0.03,0,51,51,90.4
"Bebida láctea, pêssego",565,100,2.10,7.60,55.00,5,1.90,0.30,2.10,0,89,46,9,62,0,63,0.02,0.20,0.70,0,0.03,0.14,0,0.33,0,0,87.7
"Leite, de vaca, integral, pó",566,100,25.40,39.20,497,85,26.90,0,0,0.50,890,323,77,1132,0,1242,0.11,2.70,5.80,361,0.24,1.03,0,0,0,0,2.7
"Sardinha, inteira, crua",567,100,21.10,0,114.00,61,2.70,0,0,1.30,167,60,29.00,312,0.10,294,0.13,1.30,1.60,0,0,0.07,0,7.70,0,0,76.6
"Banana, da terra, crua",568,100,1.40,33.70,128,0,0.20,1.50,15.70,0.30,4,0,24,328,0.16,26,0.05,0.20,0.80,0,0.03,0.02,0.14,0,239,239,63.9
"Corvina grande, cozida",569,100,23.40,0,100,123,2.60,0,0,0.60,69,68,22,194,0.02,164,0.03,0.70,0.90,6,0,0.03,0,0.77,6,6,73.6
"Ameixa, em calda, enlatada, drenada",570,100,1,47.70,177,0,0.30,4.50,5.20,2.70,39,3,14.00,263,0.20,26,0.16,0.20,0.70,0,0,0.22,0.08,0,0,0,50.3
"Corvina de água doce, crua",571,100,18.90,0,101,73,2.20,0,0,0.30,39,45,25,293,0.02,154,0.02,0.40,1,8,0,0.08,0,0,8,8,79.2
"Tremoço, em conserva",572,100,11.10,12.40,121,0,3.80,14.40,0,0.30,16,1809,4,5,0,40,0.27,0.60,5,0,0,0,0,0,0,0,67.7
"Biscoito, polvilho doce",573,100,1.30,80.50,438,9,12.20,1.20,0,1.80,30,98,6,54,0.08,23,0.04,0.10,0.50,0,0,0.03,0.07,0,0,0,5.4
Sarapatel,574,100,18.50,1.10,123,315,4.40,0,0,7.20,12,216,13,199,0.10,164,1.48,1.80,1.10,1464,0,0.11,0,3.84,0,0,75.0
"Coco, cru",575,100,3.70,10.40,406.00,0,42,5.40,2.50,1.80,6,15,51,354,1,118,0.45,0.90,1,0,0,0,0.03,0,0,0,43.0
Mortadela,576,100,12,5.80,269,83,21.60,0,0,1.50,67,1212,19,247.00,0.11,216,0.08,1,4.10,25,0.14,0.06,0,3,0,0,56.4
Quindim,577,100,4.70,46.30,411.00,271,24.40,3.20,0,1.40,37,27,15,111.00,0.25,168,0.10,1.10,0.60,76,0,0.04,0.04,1.14,0,0,23.9
"Bolo, pronto, aipim",578,100,4.40,47.90,324,73,12.70,0.70,0,0.50,85,111.00,10,135,0.11,122,0.05,0.40,0.80,0,0.13,0.07,0,0,0,0,34.1
"Chocolate, meio amargo",579,100,4.90,62.40,475,2,29.90,4.90,2.10,3.60,45,9,107,432,0.83,220.00,0.77,1.50,1.80,0,0.20,0.04,0,1.06,0,0,1.0
